run_id,year,population,gini,morale,yield,edu_rate,tax_rate
Sample_0.025_0.075,1,1000,0.039008677175116135,50.93,12682,0.025,0.075
Sample_0.025_0.075,2,1027,0.059674509431554945,52.69,13100,0.025,0.075
Sample_0.025_0.075,3,1055,0.07190326698717242,54.79,13535,0.025,0.075
Sample_0.025_0.075,4,1085,0.0816026896623887,56.88,14004,0.025,0.075
Sample_0.025_0.075,5,1117,0.08988370841010451,59.11,14505,0.025,0.075
Sample_0.025_0.075,6,1151,0.09706173316614763,61.3,15041,0.025,0.075
Sample_0.025_0.075,7,1188,0.10183001450768092,63.76,15625,0.025,0.075
Sample_0.025_0.075,8,1227,0.10512782352490779,66.41,16245,0.025,0.075
Sample_0.025_0.075,9,1269,0.10645994053619834,69.08,16916,0.025,0.075
Sample_0.025_0.075,10,1313,0.1083727665442884,71.9,17623,0.025,0.075
Sample_0.025_0.075,11,1360,0.11138198334238636,74.67,18383,0.025,0.075
Sample_0.025_0.075,12,1411,0.11141228722148377,77.76,19211,0.025,0.075
Sample_0.025_0.075,13,1465,0.11292552776928155,80.73,20094,0.025,0.075
Sample_0.025_0.075,14,1523,0.1143104906872987,83.51,21049,0.025,0.075
Sample_0.025_0.075,15,1584,0.11633177509282588,86.93,22060,0.025,0.075
Sample_0.025_0.075,16,1650,0.11588065871508957,90.42,23160,0.025,0.075
Sample_0.025_0.075,17,1720,0.11607204885726685,94.09,24336,0.025,0.075
Sample_0.025_0.075,18,1795,0.11636171053279587,97.81,25605,0.025,0.075
Sample_0.025_0.075,19,1875,0.11728987888324593,101.56,26969,0.025,0.075
Sample_0.025_0.075,20,1961,0.11757053457858024,105.61,28446,0.025,0.075
Sample_0.025_0.075,21,2053,0.11708676380769356,109.55,30038,0.025,0.075
Sample_0.025_0.075,22,2151,0.11621213158711807,113.69,31748,0.025,0.075
Sample_0.025_0.075,23,2256,0.1161479140206414,118.06,33594,0.025,0.075
Sample_0.025_0.075,24,2368,0.11623206391017193,122.77,35581,0.025,0.075
Sample_0.025_0.075,25,2488,0.11724998316981972,127.55,37728,0.025,0.075
Sample_0.025_0.075,26,2617,0.11703824910309746,132.28,40055,0.025,0.075
Sample_0.025_0.075,27,2755,0.11801646787723197,136.85,42567,0.025,0.075
Sample_0.025_0.075,28,2903,0.1174946756844184,141.56,45285,0.025,0.075
Sample_0.025_0.075,29,3061,0.11822469916064349,146.78,48214,0.025,0.075
Sample_0.025_0.075,30,3230,0.11787541252442346,151.91,51377,0.025,0.075
Sample_0.025_0.075,31,3412,0.11751793439742797,157.62,54814,0.025,0.075
Sample_0.025_0.075,32,3607,0.11838929034865253,163.25,58532,0.025,0.075
Sample_0.025_0.075,33,3816,0.11945576233342092,169.03,62557,0.025,0.075
Sample_0.025_0.075,34,4041,0.12023722719794705,174.79,66932,0.025,0.075
Sample_0.025_0.075,35,4282,0.12019013069222062,180.97,71666,0.025,0.075
Sample_0.025_0.075,36,4541,0.12103761183964612,187.28,76804,0.025,0.075
Sample_0.025_0.075,37,4819,0.12103360655275841,194.1,82377,0.025,0.075
Sample_0.025_0.075,38,5118,0.12053777002615473,200.74,88433,0.025,0.075
Sample_0.025_0.075,39,5439,0.12031748683429377,207.37,95003,0.025,0.075
Sample_0.025_0.075,40,5784,0.1209869030650581,214.54,102140,0.025,0.075
Sample_0.025_0.075,41,6155,0.12102044019455427,221.85,109898,0.025,0.075
Sample_0.025_0.075,42,6554,0.12067789027778097,229.34,118331,0.025,0.075
Sample_0.025_0.075,43,6983,0.12125357880421772,237.17,127499,0.025,0.075
Sample_0.025_0.075,44,7444,0.12214630562522277,245.13,137460,0.025,0.075
Sample_0.025_0.075,45,7940,0.12300645993872128,253.3,148296,0.025,0.075
Sample_0.025_0.075,46,8474,0.12306403788323972,261.72,160095,0.025,0.075
Sample_0.025_0.075,47,9048,0.1232458597634738,270.31,172921,0.025,0.075
Sample_0.025_0.075,48,9665,0.12386594726385725,279.43,186867,0.025,0.075
Sample_0.025_0.075,49,10328,0.12373122753234322,288.56,202025,0.025,0.075
Sample_0.025_0.075,50,11040,0.12405734999179718,297.84,218493,0.025,0.075
Sample_0.025_0.112,1,1000,0.037525737877646126,50.71,12682,0.025,0.112
Sample_0.025_0.112,2,1026,0.059236462278269064,51.82,13085,0.025,0.112
Sample_0.025_0.112,3,1054,0.07142413734771313,53.26,13521,0.025,0.112
Sample_0.025_0.112,4,1083,0.08107487588034878,54.95,13974,0.025,0.112
Sample_0.025_0.112,5,1114,0.08750213374930471,56.65,14460,0.025,0.112
Sample_0.025_0.112,6,1147,0.0946339257185509,58.49,14980,0.025,0.112
Sample_0.025_0.112,7,1182,0.09884025392838391,60.59,15535,0.025,0.112
Sample_0.025_0.112,8,1219,0.10267589974974634,62.4,16123,0.025,0.112
Sample_0.025_0.112,9,1258,0.10693056857911376,64.83,16747,0.025,0.112
Sample_0.025_0.112,10,1300,0.11007074831048702,67.27,17423,0.025,0.112
Sample_0.025_0.112,11,1345,0.11446149437197972,69.75,18150,0.025,0.112
Sample_0.025_0.112,12,1392,0.11665284544776511,72.25,18914,0.025,0.112
Sample_0.025_0.112,13,1442,0.11795611122535576,74.63,19732,0.025,0.112
Sample_0.025_0.112,14,1496,0.11950797178718853,77.08,20620,0.025,0.112
Sample_0.025_0.112,15,1553,0.11986247638406589,79.81,21564,0.025,0.112
Sample_0.025_0.112,16,1614,0.12145854351042895,82.55,22580,0.025,0.112
Sample_0.025_0.112,17,1678,0.12211914528006007,85.62,23654,0.025,0.112
Sample_0.025_0.112,18,1747,0.12272934750757036,88.71,24819,0.025,0.112
Sample_0.025_0.112,19,1820,0.1226361903561719,91.86,26061,0.025,0.112
Sample_0.025_0.112,20,1898,0.12300549172059161,95.19,27397,0.025,0.112
Sample_0.025_0.112,21,1981,0.12374702826712447,98.72,28829,0.025,0.112
Sample_0.025_0.112,22,2070,0.12380935554523842,102.25,30377,0.025,0.112
Sample_0.025_0.112,23,2165,0.12457535659291019,106.32,32041,0.025,0.112
Sample_0.025_0.112,24,2266,0.12419949236410988,110.26,33824,0.025,0.112
Sample_0.025_0.112,25,2374,0.12379336748411918,113.97,35747,0.025,0.112
Sample_0.025_0.112,26,2489,0.12368728809308638,117.89,37810,0.025,0.112
Sample_0.025_0.112,27,2612,0.12323954308674812,121.98,40036,0.025,0.112
Sample_0.025_0.112,28,2744,0.12287480205791201,126.38,42445,0.025,0.112
Sample_0.025_0.112,29,2885,0.12318609818627513,130.91,45040,0.025,0.112
Sample_0.025_0.112,30,3036,0.12294554225811516,135.58,47844,0.025,0.112
Sample_0.025_0.112,31,3197,0.12448350052647639,140.4,50861,0.025,0.112
Sample_0.025_0.112,32,3370,0.12557785134451782,145.43,54132,0.025,0.112
Sample_0.025_0.112,33,3555,0.12617269881890336,150.47,57662,0.025,0.112
Sample_0.025_0.112,34,3753,0.12544866470358396,155.56,61476,0.025,0.112
Sample_0.025_0.112,35,3965,0.12525213446588612,161.31,65599,0.025,0.112
Sample_0.025_0.112,36,4192,0.12568862396763247,166.87,70056,0.025,0.112
Sample_0.025_0.112,37,4436,0.12565138860276237,172.69,74894,0.025,0.112
Sample_0.025_0.112,38,4698,0.12483322991492818,178.36,80140,0.025,0.112
Sample_0.025_0.112,39,4978,0.12433864903192893,184.2,85804,0.025,0.112
Sample_0.025_0.112,40,5279,0.1243264325222333,190.33,91954,0.025,0.112
Sample_0.025_0.112,41,5602,0.12414976648878628,196.76,98621,0.025,0.112
Sample_0.025_0.112,42,5948,0.12430686639310573,203.74,105839,0.025,0.112
Sample_0.025_0.112,43,6320,0.12404934100097309,210.45,113680,0.025,0.112
Sample_0.025_0.112,44,6719,0.12415191066223952,217.59,122179,0.025,0.112
Sample_0.025_0.112,45,7148,0.12392017207965544,224.94,131416,0.025,0.112
Sample_0.025_0.112,46,7608,0.1241392151961358,232.01,141428,0.025,0.112
Sample_0.025_0.112,47,8102,0.12387611286991884,239.53,152298,0.025,0.112
Sample_0.025_0.112,48,8632,0.12391198239567913,247.46,164089,0.025,0.112
Sample_0.025_0.112,49,9201,0.12408057210494672,255.57,176887,0.025,0.112
Sample_0.025_0.112,50,9812,0.12435750617435692,264.07,190785,0.025,0.112
Sample_0.025_0.15,1,1000,0.038121756318392874,50.03,12682,0.025,0.15
Sample_0.025_0.15,2,1026,0.05588170960563921,50.7,13085,0.025,0.15
Sample_0.025_0.15,3,1053,0.06841154060316046,51.48,13506,0.025,0.15
Sample_0.025_0.15,4,1081,0.08047634942737991,52.85,13944,0.025,0.15
Sample_0.025_0.15,5,1111,0.08997994197365156,53.91,14416,0.025,0.15
Sample_0.025_0.15,6,1142,0.09554886937077445,55.51,14905,0.025,0.15
Sample_0.025_0.15,7,1175,0.09939368491523592,57.2,15429,0.025,0.15
Sample_0.025_0.15,8,1210,0.10423383671855535,58.93,15987,0.025,0.15
Sample_0.025_0.15,9,1247,0.10819454725244504,60.58,16579,0.025,0.15
Sample_0.025_0.15,10,1286,0.11220914997349474,62.13,17207,0.025,0.15
Sample_0.025_0.15,11,1327,0.11484244912703168,64.04,17871,0.025,0.15
Sample_0.025_0.15,12,1371,0.11754943081291813,65.85,18586,0.025,0.15
Sample_0.025_0.15,13,1417,0.11872291696581727,67.94,19339,0.025,0.15
Sample_0.025_0.15,14,1466,0.12087916952225175,69.88,20145,0.025,0.15
Sample_0.025_0.15,15,1518,0.122880286756188,72.07,21006,0.025,0.15
Sample_0.025_0.15,16,1573,0.12267791109042503,74.44,21922,0.025,0.15
Sample_0.025_0.15,17,1631,0.12513094605700537,76.93,22894,0.025,0.15
Sample_0.025_0.15,18,1693,0.1261963100951342,79.33,23939,0.025,0.15
Sample_0.025_0.15,19,1759,0.1251052808510642,81.99,25059,0.025,0.15
Sample_0.025_0.15,20,1829,0.12596484240488381,84.58,26255,0.025,0.15
Sample_0.025_0.15,21,1903,0.12705546670082857,87.37,27528,0.025,0.15
Sample_0.025_0.15,22,1982,0.1265127970641189,90.18,28896,0.025,0.15
Sample_0.025_0.15,23,2066,0.12644828916319395,93.24,30362,0.025,0.15
Sample_0.025_0.15,24,2155,0.1261066959235655,96.62,31926,0.025,0.15
Sample_0.025_0.15,25,2250,0.1256802469243079,99.86,33608,0.025,0.15
Sample_0.025_0.15,26,2351,0.12501755695960926,103.44,35410,0.025,0.15
Sample_0.025_0.15,27,2459,0.12427912988048129,106.83,37351,0.025,0.15
Sample_0.025_0.15,28,2574,0.12305982160473738,110.58,39435,0.025,0.15
Sample_0.025_0.15,29,2696,0.12326740224134536,114.44,41664,0.025,0.15
Sample_0.025_0.15,30,2827,0.12443767393125116,118.49,44076,0.025,0.15
Sample_0.025_0.15,31,2967,0.1264041261425488,122.56,46676,0.025,0.15
Sample_0.025_0.15,32,3116,0.12631432076596338,126.86,49467,0.025,0.15
Sample_0.025_0.15,33,3275,0.12648025552441045,130.82,52471,0.025,0.15
Sample_0.025_0.15,34,3445,0.1256974100714785,135.04,55711,0.025,0.15
Sample_0.025_0.15,35,3626,0.1254218199065369,139.37,59191,0.025,0.15
Sample_0.025_0.15,36,3820,0.1248131050892134,143.96,62956,0.025,0.15
Sample_0.025_0.15,37,4027,0.12405090107420014,148.69,67009,0.025,0.15
Sample_0.025_0.15,38,4248,0.1237839044202671,153.56,71377,0.025,0.15
Sample_0.025_0.15,39,4485,0.12292629189520565,158.21,76106,0.025,0.15
Sample_0.025_0.15,40,4738,0.12204084769308277,163.47,81202,0.025,0.15
Sample_0.025_0.15,41,5009,0.12226050264779764,168.96,86714,0.025,0.15
Sample_0.025_0.15,42,5299,0.12254243554283084,174.59,92670,0.025,0.15
Sample_0.025_0.15,43,5609,0.12185234260338307,180.09,99100,0.025,0.15
Sample_0.025_0.15,44,5941,0.12228071182922418,186.09,106056,0.025,0.15
Sample_0.025_0.15,45,6297,0.12256560480806056,192.05,113590,0.025,0.15
Sample_0.025_0.15,46,6678,0.12337141167982124,198.19,121736,0.025,0.15
Sample_0.025_0.15,47,7086,0.12293951761504829,204.79,130549,0.025,0.15
Sample_0.025_0.15,48,7523,0.12248842636911528,211.72,140088,0.025,0.15
Sample_0.025_0.15,49,7992,0.12256608816778614,218.78,150432,0.025,0.15
Sample_0.025_0.15,50,8494,0.12290758547411751,225.84,161622,0.025,0.15
Sample_0.025_0.188,1,1000,0.03418001896758138,49.68,12682,0.025,0.188
Sample_0.025_0.188,2,1026,0.05421979182984926,49.99,13085,0.025,0.188
Sample_0.025_0.188,3,1053,0.06703217237326453,50.37,13506,0.025,0.188
Sample_0.025_0.188,4,1081,0.0771570318521555,50.9,13944,0.025,0.188
Sample_0.025_0.188,5,1110,0.08647838932861629,51.87,14401,0.025,0.188
Sample_0.025_0.188,6,1140,0.09354444483408142,52.74,14875,0.025,0.188
Sample_0.025_0.188,7,1171,0.10086000183799837,53.91,15368,0.025,0.188
Sample_0.025_0.188,8,1204,0.10650659340527868,54.67,15896,0.025,0.188
Sample_0.025_0.188,9,1238,0.11197526446146511,55.58,16442,0.025,0.188
Sample_0.025_0.188,10,1274,0.11654654968436007,56.76,17023,0.025,0.188
Sample_0.025_0.188,11,1312,0.12124117195166839,57.8,17639,0.025,0.188
Sample_0.025_0.188,12,1351,0.12433359842789748,59.12,18275,0.025,0.188
Sample_0.025_0.188,13,1392,0.1263336823817578,60.58,18947,0.025,0.188
Sample_0.025_0.188,14,1436,0.12751010524557538,62.02,19672,0.025,0.188
Sample_0.025_0.188,15,1482,0.1292115719491429,63.54,20434,0.025,0.188
Sample_0.025_0.188,16,1530,0.1315171564138895,65.12,21234,0.025,0.188
Sample_0.025_0.188,17,1581,0.13079237965980028,66.93,22089,0.025,0.188
Sample_0.025_0.188,18,1635,0.12991230171706003,69.04,22998,0.025,0.188
Sample_0.025_0.188,19,1692,0.13064009509756147,70.83,23964,0.025,0.188
Sample_0.025_0.188,20,1752,0.13245443201425888,72.51,24988,0.025,0.188
Sample_0.025_0.188,21,1815,0.13262290442273494,74.6,26069,0.025,0.188
Sample_0.025_0.188,22,1882,0.133242691864234,76.69,27226,0.025,0.188
Sample_0.025_0.188,23,1953,0.1338862654290185,78.79,28460,0.025,0.188
Sample_0.025_0.188,24,2028,0.13332805656269753,81.18,29772,0.025,0.188
Sample_0.025_0.188,25,2107,0.1347600952623016,83.61,31163,0.025,0.188
Sample_0.025_0.188,26,2191,0.13425427695864012,86.01,32653,0.025,0.188
Sample_0.025_0.188,27,2280,0.1326952956942289,88.81,34242,0.025,0.188
Sample_0.025_0.188,28,2375,0.1325215046365582,91.63,35950,0.025,0.188
Sample_0.025_0.188,29,2476,0.13000189590067834,94.76,37779,0.025,0.188
Sample_0.025_0.188,30,2583,0.12914879585697836,97.88,39731,0.025,0.188
Sample_0.025_0.188,31,2697,0.12980094470114478,101.13,41826,0.025,0.188
Sample_0.025_0.188,32,2818,0.12953078391290473,104.33,44067,0.025,0.188
Sample_0.025_0.188,33,2947,0.13153960360318862,107.85,46474,0.025,0.188
Sample_0.025_0.188,34,3084,0.13161609207556757,111.37,49051,0.025,0.188
Sample_0.025_0.188,35,3230,0.13100681718315532,114.97,51820,0.025,0.188
Sample_0.025_0.188,36,3386,0.1298438851470094,118.66,54803,0.025,0.188
Sample_0.025_0.188,37,3552,0.12938329199483523,122.7,58003,0.025,0.188
Sample_0.025_0.188,38,3729,0.12921363392732998,126.68,61444,0.025,0.188
Sample_0.025_0.188,39,3918,0.1284524337777686,130.73,65150,0.025,0.188
Sample_0.025_0.188,40,4119,0.12860938089572183,134.97,69126,0.025,0.188
Sample_0.025_0.188,41,4334,0.1272773044655806,139.39,73417,0.025,0.188
Sample_0.025_0.188,42,4563,0.12724483908337536,143.88,78029,0.025,0.188
Sample_0.025_0.188,43,4807,0.1264686182374397,148.52,82987,0.025,0.188
Sample_0.025_0.188,44,5068,0.12519423884640402,153.35,88340,0.025,0.188
Sample_0.025_0.188,45,5347,0.12527168982067027,158.45,94116,0.025,0.188
Sample_0.025_0.188,46,5645,0.1256412316301767,163.39,100343,0.025,0.188
Sample_0.025_0.188,47,5963,0.12496521599945853,168.67,107053,0.025,0.188
Sample_0.025_0.188,48,6303,0.12498334115522236,174.14,114295,0.025,0.188
Sample_0.025_0.188,49,6666,0.1254384328023812,179.69,122104,0.025,0.188
Sample_0.025_0.188,50,7054,0.1256721069431863,185.67,130534,0.025,0.188
Sample_0.025_0.225,1,1000,0.03609428232640921,49.26,12682,0.025,0.225
Sample_0.025_0.225,2,1026,0.05179165151150111,49.1,13085,0.025,0.225
Sample_0.025_0.225,3,1052,0.06366379494761709,49.01,13491,0.025,0.225
Sample_0.025_0.225,4,1079,0.07610045456954051,49.16,13915,0.025,0.225
Sample_0.025_0.225,5,1107,0.08606650359995727,49.59,14356,0.025,0.225
Sample_0.025_0.225,6,1136,0.09340508534079928,50.0,14815,0.025,0.225
Sample_0.025_0.225,7,1166,0.10355043908123496,50.43,15293,0.025,0.225
Sample_0.025_0.225,8,1197,0.10850861320574157,51.01,15789,0.025,0.225
Sample_0.025_0.225,9,1229,0.11477710490854776,51.65,16304,0.025,0.225
Sample_0.025_0.225,10,1262,0.12214316013882454,52.12,16838,0.025,0.225
Sample_0.025_0.225,11,1296,0.12761414052323983,52.67,17391,0.025,0.225
Sample_0.025_0.225,12,1331,0.12996530187237676,53.43,17964,0.025,0.225
Sample_0.025_0.225,13,1368,0.13300996828989264,54.28,18572,0.025,0.225
Sample_0.025_0.225,14,1407,0.13520143440833854,55.23,19216,0.025,0.225
Sample_0.025_0.225,15,1447,0.13805634349957097,56.28,19880,0.025,0.225
Sample_0.025_0.225,16,1489,0.13857883712785135,57.25,20581,0.025,0.225
Sample_0.025_0.225,17,1533,0.14067253207864128,58.26,21319,0.025,0.225
Sample_0.025_0.225,18,1579,0.1409224317577651,59.67,22095,0.025,0.225
Sample_0.025_0.225,19,1628,0.14167196163135043,60.97,22925,0.025,0.225
Sample_0.025_0.225,20,1679,0.1420134044782242,62.4,23794,0.025,0.225
Sample_0.025_0.225,21,1733,0.1432960626057107,63.9,24719,0.025,0.225
Sample_0.025_0.225,22,1789,0.14479957525841902,65.24,25685,0.025,0.225
Sample_0.025_0.225,23,1848,0.14566829082872967,66.76,26707,0.025,0.225
Sample_0.025_0.225,24,1910,0.14497964782934725,68.45,27789,0.025,0.225
Sample_0.025_0.225,25,1976,0.14542174390312623,70.19,28946,0.025,0.225
Sample_0.025_0.225,26,2045,0.14326641195994805,72.2,30163,0.025,0.225
Sample_0.025_0.225,27,2118,0.1440539183678602,74.28,31459,0.025,0.225
Sample_0.025_0.225,28,2195,0.14429579769469814,76.34,32835,0.025,0.225
Sample_0.025_0.225,29,2277,0.1445050140539761,78.55,34308,0.025,0.225
Sample_0.025_0.225,30,2364,0.14371472380429218,80.87,35882,0.025,0.225
Sample_0.025_0.225,31,2456,0.1431046014772095,83.33,37557,0.025,0.225
Sample_0.025_0.225,32,2553,0.1422854654727026,85.64,39336,0.025,0.225
Sample_0.025_0.225,33,2656,0.14047236725874002,88.22,41237,0.025,0.225
Sample_0.025_0.225,34,2765,0.13979930391790463,90.95,43263,0.025,0.225
Sample_0.025_0.225,35,2881,0.13924140673125063,93.86,45435,0.025,0.225
Sample_0.025_0.225,36,3004,0.1373085167520376,96.66,47755,0.025,0.225
Sample_0.025_0.225,37,3134,0.13702327624160704,99.69,50225,0.025,0.225
Sample_0.025_0.225,38,3272,0.1366715080458727,102.8,52867,0.025,0.225
Sample_0.025_0.225,39,3419,0.13570208544765117,106.08,55703,0.025,0.225
Sample_0.025_0.225,40,3575,0.13589413994045718,109.49,58736,0.025,0.225
Sample_0.025_0.225,41,3741,0.13526879222304578,113.0,61988,0.025,0.225
Sample_0.025_0.225,42,3918,0.1332852962467539,116.53,65485,0.025,0.225
Sample_0.025_0.225,43,4106,0.1318466867803081,120.15,69229,0.025,0.225
Sample_0.025_0.225,44,4306,0.13123851337902526,123.98,73246,0.025,0.225
Sample_0.025_0.225,45,4519,0.13096945144219485,127.89,77559,0.025,0.225
Sample_0.025_0.225,46,4746,0.13104142705515498,131.95,82196,0.025,0.225
Sample_0.025_0.225,47,4988,0.12905306374520542,136.03,87182,0.025,0.225
Sample_0.025_0.225,48,5245,0.1286647230834017,140.36,92524,0.025,0.225
Sample_0.025_0.225,49,5519,0.1285571188269512,144.6,98271,0.025,0.225
Sample_0.025_0.225,50,5811,0.1281770187123068,149.17,104450,0.025,0.225
Sample_0.038_0.075,1,1000,0.039780432828256274,51.09,12682,0.038,0.075
Sample_0.038_0.075,2,1027,0.057516954392878405,52.86,13112,0.038,0.075
Sample_0.038_0.075,3,1055,0.06898032860826686,54.77,13560,0.038,0.075
Sample_0.038_0.075,4,1085,0.0799984506642275,57.11,14042,0.038,0.075
Sample_0.038_0.075,5,1117,0.08566914739683429,59.28,14558,0.038,0.075
Sample_0.038_0.075,6,1151,0.08905394522315047,61.88,15109,0.038,0.075
Sample_0.038_0.075,7,1188,0.09357843061076232,64.48,15711,0.038,0.075
Sample_0.038_0.075,8,1227,0.09824705222260999,67.08,16349,0.038,0.075
Sample_0.038_0.075,9,1269,0.10190764487485904,69.79,17040,0.038,0.075
Sample_0.038_0.075,10,1314,0.10641766616172177,72.95,17784,0.038,0.075
Sample_0.038_0.075,11,1362,0.1087488356415347,75.57,18582,0.038,0.075
Sample_0.038_0.075,12,1413,0.11039654160332013,78.94,19436,0.038,0.075
Sample_0.038_0.075,13,1468,0.1116018275857833,81.99,20362,0.038,0.075
Sample_0.038_0.075,14,1526,0.11073721651427637,85.39,21346,0.038,0.075
Sample_0.038_0.075,15,1588,0.11207877941310951,88.73,22406,0.038,0.075
Sample_0.038_0.075,16,1655,0.11247179546844732,92.41,23558,0.038,0.075
Sample_0.038_0.075,17,1726,0.11337692433559066,96.17,24789,0.038,0.075
Sample_0.038_0.075,18,1802,0.11496339420963375,99.87,26117,0.038,0.075
Sample_0.038_0.075,19,1884,0.11593459605051515,104.28,27561,0.038,0.075
Sample_0.038_0.075,20,1971,0.11543959471336662,108.28,29105,0.038,0.075
Sample_0.038_0.075,21,2064,0.11586013762968728,112.49,30771,0.038,0.075
Sample_0.038_0.075,22,2164,0.11610602385201507,117.04,32576,0.038,0.075
Sample_0.038_0.075,23,2271,0.11667101533220259,121.96,34526,0.038,0.075
Sample_0.038_0.075,24,2386,0.11608502274981047,126.74,36639,0.038,0.075
Sample_0.038_0.075,25,2509,0.11617264019340179,131.55,38921,0.038,0.075
Sample_0.038_0.075,26,2641,0.11717991124379745,136.56,41392,0.038,0.075
Sample_0.038_0.075,27,2783,0.1179046098161205,142.27,44076,0.038,0.075
Sample_0.038_0.075,28,2935,0.11911292140470198,147.96,46977,0.038,0.075
Sample_0.038_0.075,29,3098,0.11851776773770584,153.5,50119,0.038,0.075
Sample_0.038_0.075,30,3273,0.11893651608290678,159.29,53527,0.038,0.075
Sample_0.038_0.075,31,3461,0.11956960778683423,165.23,57226,0.038,0.075
Sample_0.038_0.075,32,3663,0.1193721844082587,171.35,61241,0.038,0.075
Sample_0.038_0.075,33,3880,0.11930390016970027,177.56,65600,0.038,0.075
Sample_0.038_0.075,34,4114,0.11976005283203217,184.2,70351,0.038,0.075
Sample_0.038_0.075,35,4365,0.12070566519316128,190.65,75503,0.038,0.075
Sample_0.038_0.075,36,4635,0.12125883597544407,197.81,81106,0.038,0.075
Sample_0.038_0.075,37,4926,0.12108766017164196,205.17,87212,0.038,0.075
Sample_0.038_0.075,38,5239,0.12124620152401033,212.17,93855,0.038,0.075
Sample_0.038_0.075,39,5576,0.12147835127711026,219.92,101089,0.038,0.075
Sample_0.038_0.075,40,5939,0.12159445630232102,227.35,108971,0.038,0.075
Sample_0.038_0.075,41,6329,0.12163122398853088,235.49,117540,0.038,0.075
Sample_0.038_0.075,42,6749,0.12162723877301107,243.64,126876,0.038,0.075
Sample_0.038_0.075,43,7202,0.12195431769046494,252.06,137066,0.038,0.075
Sample_0.038_0.075,44,7689,0.12152232019715914,260.68,148154,0.038,0.075
Sample_0.038_0.075,45,8214,0.12198214421274,269.61,160252,0.038,0.075
Sample_0.038_0.075,46,8779,0.1222367191889655,278.75,173431,0.038,0.075
Sample_0.038_0.075,47,9387,0.12297040920718061,287.94,187789,0.038,0.075
Sample_0.038_0.075,48,10041,0.12276221379158714,297.46,203426,0.038,0.075
Sample_0.038_0.075,49,10745,0.12359801163417239,307.3,220468,0.038,0.075
Sample_0.038_0.075,50,11502,0.1230560371986742,317.59,239025,0.038,0.075
Sample_0.038_0.112,1,1000,0.038431195420734365,50.6,12682,0.038,0.112
Sample_0.038_0.112,2,1026,0.057225096769474515,51.61,13097,0.038,0.112
Sample_0.038_0.112,3,1054,0.0706004931258879,53.15,13545,0.038,0.112
Sample_0.038_0.112,4,1083,0.07884152057940397,54.91,14012,0.038,0.112
Sample_0.038_0.112,5,1114,0.0877135787016825,56.69,14513,0.038,0.112
Sample_0.038_0.112,6,1147,0.0952387829987662,58.48,15049,0.038,0.112
Sample_0.038_0.112,7,1182,0.09842909423678137,60.48,15620,0.038,0.112
Sample_0.038_0.112,8,1219,0.10096568949567031,62.69,16227,0.038,0.112
Sample_0.038_0.112,9,1258,0.10552697876194417,65.0,16870,0.038,0.112
Sample_0.038_0.112,10,1300,0.10961814031028072,67.47,17566,0.038,0.112
Sample_0.038_0.112,11,1345,0.11250523737748863,69.84,18315,0.038,0.112
Sample_0.038_0.112,12,1393,0.11249221849922875,72.59,19120,0.038,0.112
Sample_0.038_0.112,13,1444,0.11364664994656892,75.26,19980,0.038,0.112
Sample_0.038_0.112,14,1498,0.11321637670155127,78.04,20896,0.038,0.112
Sample_0.038_0.112,15,1556,0.11507270630564115,81.16,21887,0.038,0.112
Sample_0.038_0.112,16,1617,0.11636032326264711,84.31,22937,0.038,0.112
Sample_0.038_0.112,17,1683,0.1154512320170118,87.4,24080,0.038,0.112
Sample_0.038_0.112,18,1753,0.11576980065902753,90.53,25302,0.038,0.112
Sample_0.038_0.112,19,1827,0.11754045482604325,93.92,26604,0.038,0.112
Sample_0.038_0.112,20,1906,0.11806814753587203,97.57,28004,0.038,0.112
Sample_0.038_0.112,21,1991,0.11872865511560016,101.01,29522,0.038,0.112
Sample_0.038_0.112,22,2081,0.11976616135414453,104.76,31144,0.038,0.112
Sample_0.038_0.112,23,2178,0.11867486969486718,108.71,32905,0.038,0.112
Sample_0.038_0.112,24,2281,0.11791246643139197,113.0,34791,0.038,0.112
Sample_0.038_0.112,25,2391,0.11846456872778743,117.09,36823,0.038,0.112
Sample_0.038_0.112,26,2509,0.11913183426845886,121.57,39022,0.038,0.112
Sample_0.038_0.112,27,2635,0.11886353448932963,126.25,41391,0.038,0.112
Sample_0.038_0.112,28,2770,0.11878759794270333,130.91,43953,0.038,0.112
Sample_0.038_0.112,29,2915,0.11993191694568517,135.48,46730,0.038,0.112
Sample_0.038_0.112,30,3070,0.11964599483155314,140.67,49727,0.038,0.112
Sample_0.038_0.112,31,3236,0.12053718002042801,145.87,52968,0.038,0.112
Sample_0.038_0.112,32,3414,0.12012604667120486,151.11,56478,0.038,0.112
Sample_0.038_0.112,33,3605,0.12000300777090889,156.92,60282,0.038,0.112
Sample_0.038_0.112,34,3810,0.12018679876741589,162.61,64406,0.038,0.112
Sample_0.038_0.112,35,4030,0.12095508503302366,168.36,68878,0.038,0.112
Sample_0.038_0.112,36,4266,0.12028555045065792,174.52,73726,0.038,0.112
Sample_0.038_0.112,37,4519,0.12051587333492764,180.92,78978,0.038,0.112
Sample_0.038_0.112,38,4791,0.12046100066252863,187.38,84686,0.038,0.112
Sample_0.038_0.112,39,5083,0.11992146112431001,193.72,90880,0.038,0.112
Sample_0.038_0.112,40,5397,0.11925514795103864,200.65,97615,0.038,0.112
Sample_0.038_0.112,41,5734,0.12028856872360216,207.63,104924,0.038,0.112
Sample_0.038_0.112,42,6097,0.11909788849753422,214.52,112886,0.038,0.112
Sample_0.038_0.112,43,6487,0.1194588496086515,221.6,121537,0.038,0.112
Sample_0.038_0.112,44,6905,0.11929823153260166,229.31,130919,0.038,0.112
Sample_0.038_0.112,45,7355,0.11984102153308585,236.95,141135,0.038,0.112
Sample_0.038_0.112,46,7838,0.12050486282070771,245.1,152230,0.038,0.112
Sample_0.038_0.112,47,8358,0.12049629012482677,253.47,164317,0.038,0.112
Sample_0.038_0.112,48,8917,0.12131537882423693,261.95,177466,0.038,0.112
Sample_0.038_0.112,49,9518,0.12199288208427017,270.69,191773,0.038,0.112
Sample_0.038_0.112,50,10163,0.12253844340169806,279.83,207314,0.038,0.112
Sample_0.038_0.15,1,1000,0.03733016190902494,50.27,12682,0.038,0.15
Sample_0.038_0.15,2,1026,0.05550042824905255,50.87,13097,0.038,0.15
Sample_0.038_0.15,3,1053,0.06901171496326963,51.88,13531,0.038,0.15
Sample_0.038_0.15,4,1081,0.07992926882833529,52.94,13983,0.038,0.15
Sample_0.038_0.15,5,1111,0.08864878440435442,54.1,14468,0.038,0.15
Sample_0.038_0.15,6,1142,0.09450843349540805,55.65,14974,0.038,0.15
Sample_0.038_0.15,7,1175,0.10116561852099637,57.2,15514,0.038,0.15
Sample_0.038_0.15,8,1210,0.10407108203140791,58.84,16089,0.038,0.15
Sample_0.038_0.15,9,1247,0.1110668249908846,60.44,16700,0.038,0.15
Sample_0.038_0.15,10,1286,0.11483007213223773,62.25,17348,0.038,0.15
Sample_0.038_0.15,11,1327,0.11742261482359084,64.32,18034,0.038,0.15
Sample_0.038_0.15,12,1371,0.11874029824378551,66.32,18773,0.038,0.15
Sample_0.038_0.15,13,1417,0.12062471953774812,68.22,19551,0.038,0.15
Sample_0.038_0.15,14,1466,0.12197815530214862,70.34,20384,0.038,0.15
Sample_0.038_0.15,15,1518,0.12391945906038604,72.83,21274,0.038,0.15
Sample_0.038_0.15,16,1573,0.12555503710969917,75.15,22221,0.038,0.15
Sample_0.038_0.15,17,1632,0.12675317789077334,77.56,23243,0.038,0.15
Sample_0.038_0.15,18,1694,0.12832165864081913,80.18,24325,0.038,0.15
Sample_0.038_0.15,19,1760,0.12780172110958632,82.85,25485,0.038,0.15
Sample_0.038_0.15,20,1830,0.1285873742564272,85.67,26724,0.038,0.15
Sample_0.038_0.15,21,1905,0.12953945280600498,88.83,28061,0.038,0.15
Sample_0.038_0.15,22,1985,0.12803648141041268,92.16,29497,0.038,0.15
Sample_0.038_0.15,23,2070,0.12797858115663452,94.9,31035,0.038,0.15
Sample_0.038_0.15,24,2160,0.1266296362679471,98.45,32677,0.038,0.15
Sample_0.038_0.15,25,2256,0.1241813343522673,101.84,34442,0.038,0.15
Sample_0.038_0.15,26,2359,0.12476732088254616,105.37,36351,0.038,0.15
Sample_0.038_0.15,27,2468,0.12405373048184631,108.99,38389,0.038,0.15
Sample_0.038_0.15,28,2585,0.12307832055548928,113.18,40594,0.038,0.15
Sample_0.038_0.15,29,2710,0.12256082226629661,117.16,42971,0.038,0.15
Sample_0.038_0.15,30,2843,0.12220894207420607,121.42,45523,0.038,0.15
Sample_0.038_0.15,31,2985,0.12078546448889216,125.67,48272,0.038,0.15
Sample_0.038_0.15,32,3137,0.12115926132764798,130.2,51241,0.038,0.15
Sample_0.038_0.15,33,3300,0.12122398150597258,134.63,54455,0.038,0.15
Sample_0.038_0.15,34,3474,0.12137307334908787,139.75,57919,0.038,0.15
Sample_0.038_0.15,35,3660,0.12115721943839541,144.51,61657,0.038,0.15
Sample_0.038_0.15,36,3859,0.12147045229124842,149.59,65696,0.038,0.15
Sample_0.038_0.15,37,4072,0.1204441147206321,155.12,70063,0.038,0.15
Sample_0.038_0.15,38,4301,0.1207896307458689,160.62,74804,0.038,0.15
Sample_0.038_0.15,39,4546,0.12051397380099527,166.01,79929,0.038,0.15
Sample_0.038_0.15,40,4808,0.12031162384448058,171.62,85467,0.038,0.15
Sample_0.038_0.15,41,5089,0.12052974002418648,177.64,91469,0.038,0.15
Sample_0.038_0.15,42,5391,0.12061432488679635,183.73,97988,0.038,0.15
Sample_0.038_0.15,43,5714,0.12196851395759833,190.19,105037,0.038,0.15
Sample_0.038_0.15,44,6061,0.1218181755975094,196.69,112691,0.038,0.15
Sample_0.038_0.15,45,6433,0.12176497956372478,203.11,120987,0.038,0.15
Sample_0.038_0.15,46,6832,0.12107561230114694,209.85,129986,0.038,0.15
Sample_0.038_0.15,47,7260,0.12091889490096452,217.19,139747,0.038,0.15
Sample_0.038_0.15,48,7719,0.12095214388963438,224.43,150334,0.038,0.15
Sample_0.038_0.15,49,8212,0.121320013498315,231.94,161836,0.038,0.15
Sample_0.038_0.15,50,8741,0.12180278507826348,239.45,174321,0.038,0.15
Sample_0.038_0.188,1,1000,0.03573573056006207,49.69,12682,0.038,0.188
Sample_0.038_0.188,2,1026,0.05502515345042802,49.96,13097,0.038,0.188
Sample_0.038_0.188,3,1053,0.07013758247603263,50.3,13531,0.038,0.188
Sample_0.038_0.188,4,1081,0.08385190197717818,50.77,13983,0.038,0.188
Sample_0.038_0.188,5,1110,0.09252591350800077,51.47,14453,0.038,0.188
Sample_0.038_0.188,6,1140,0.09945418288873298,52.32,14943,0.038,0.188
Sample_0.038_0.188,7,1171,0.10551789965792713,53.39,15453,0.038,0.188
Sample_0.038_0.188,8,1204,0.10812741302097484,54.74,15997,0.038,0.188
Sample_0.038_0.188,9,1238,0.11140156739944307,55.94,16562,0.038,0.188
Sample_0.038_0.188,10,1274,0.11553953973348352,57.21,17162,0.038,0.188
Sample_0.038_0.188,11,1312,0.11824252853795536,58.52,17800,0.038,0.188
Sample_0.038_0.188,12,1351,0.12083709318298674,59.91,18458,0.038,0.188
Sample_0.038_0.188,13,1393,0.12492810753002637,61.37,19170,0.038,0.188
Sample_0.038_0.188,14,1437,0.12655432142657608,63.19,19921,0.038,0.188
Sample_0.038_0.188,15,1484,0.12851110390750464,65.06,20726,0.038,0.188
Sample_0.038_0.188,16,1533,0.12850404103715318,66.93,21572,0.038,0.188
Sample_0.038_0.188,17,1585,0.12983922450033103,68.87,22475,0.038,0.188
Sample_0.038_0.188,18,1640,0.13017721559495254,70.7,23436,0.038,0.188
Sample_0.038_0.188,19,1698,0.1305605738635196,72.7,24455,0.038,0.188
Sample_0.038_0.188,20,1760,0.12975190081571286,74.91,25552,0.038,0.188
Sample_0.038_0.188,21,1825,0.1305307405897902,77.23,26710,0.038,0.188
Sample_0.038_0.188,22,1894,0.1298659397705768,79.41,27947,0.038,0.188
Sample_0.038_0.188,23,1967,0.12944347930807631,81.97,29266,0.038,0.188
Sample_0.038_0.188,24,2045,0.12979815222867375,84.66,30685,0.038,0.188
Sample_0.038_0.188,25,2127,0.12996706918177736,87.57,32187,0.038,0.188
Sample_0.038_0.188,26,2215,0.12938814767874396,90.39,33811,0.038,0.188
Sample_0.038_0.188,27,2308,0.12945169859398753,93.54,35541,0.038,0.188
Sample_0.038_0.188,28,2407,0.1291747138166821,96.65,37397,0.038,0.188
Sample_0.038_0.188,29,2513,0.12911572066394372,99.93,39399,0.038,0.188
Sample_0.038_0.188,30,2625,0.12879535677158716,103.49,41532,0.038,0.188
Sample_0.038_0.188,31,2745,0.12846655236573779,106.99,43836,0.038,0.188
Sample_0.038_0.188,32,2873,0.12800098295546514,110.66,46314,0.038,0.188
Sample_0.038_0.188,33,3009,0.12658092642614127,114.59,48970,0.038,0.188
Sample_0.038_0.188,34,3154,0.12670887027068822,118.55,51827,0.038,0.188
Sample_0.038_0.188,35,3309,0.1262999197927972,122.83,54908,0.038,0.188
Sample_0.038_0.188,36,3475,0.12585407351889644,126.91,58236,0.038,0.188
Sample_0.038_0.188,37,3652,0.12626561894574295,131.12,61819,0.038,0.188
Sample_0.038_0.188,38,3841,0.12572883764660592,135.25,65680,0.038,0.188
Sample_0.038_0.188,39,4042,0.12525080256567178,139.78,69826,0.038,0.188
Sample_0.038_0.188,40,4257,0.12580645304628968,144.57,74304,0.038,0.188
Sample_0.038_0.188,41,4487,0.12511135242563576,149.68,79140,0.038,0.188
Sample_0.038_0.188,42,4733,0.12478575776398015,154.92,84365,0.038,0.188
Sample_0.038_0.188,43,4996,0.12569929691789428,160.52,90007,0.038,0.188
Sample_0.038_0.188,44,5278,0.12556105742946677,165.84,96117,0.038,0.188
Sample_0.038_0.188,45,5579,0.12443927571345093,171.64,102708,0.038,0.188
Sample_0.038_0.188,46,5902,0.12423199909153282,177.68,109854,0.038,0.188
Sample_0.038_0.188,47,6248,0.12351207722138491,183.56,117589,0.038,0.188
Sample_0.038_0.188,48,6618,0.12265831450388065,189.66,125950,0.038,0.188
Sample_0.038_0.188,49,7014,0.12319162857857902,195.75,134995,0.038,0.188
Sample_0.038_0.188,50,7438,0.12249090765291015,202.32,144786,0.038,0.188
Sample_0.038_0.225,1,1000,0.03477079668399874,49.29,12682,0.038,0.225
Sample_0.038_0.225,2,1026,0.05234797879909481,48.84,13097,0.038,0.225
Sample_0.038_0.225,3,1052,0.06788439072444086,48.9,13516,0.038,0.225
Sample_0.038_0.225,4,1079,0.07854684975203519,49.15,13953,0.038,0.225
Sample_0.038_0.225,5,1107,0.08743959125315448,49.41,14409,0.038,0.225
Sample_0.038_0.225,6,1135,0.09318360736094067,49.87,14868,0.038,0.225
Sample_0.038_0.225,7,1164,0.09918854974997715,50.48,15347,0.038,0.225
Sample_0.038_0.225,8,1195,0.10519420933437784,51.0,15860,0.038,0.225
Sample_0.038_0.225,9,1227,0.10972415612414488,51.83,16393,0.038,0.225
Sample_0.038_0.225,10,1260,0.11390526438669046,52.78,16946,0.038,0.225
Sample_0.038_0.225,11,1295,0.12068675888951352,53.57,17535,0.038,0.225
Sample_0.038_0.225,12,1331,0.12376659445042248,54.36,18144,0.038,0.225
Sample_0.038_0.225,13,1369,0.12801964069062133,55.23,18791,0.038,0.225
Sample_0.038_0.225,14,1408,0.13038749256587723,56.26,19459,0.038,0.225
Sample_0.038_0.225,15,1449,0.1308754805699417,57.54,20165,0.038,0.225
Sample_0.038_0.225,16,1492,0.1336154707078625,58.88,20910,0.038,0.225
Sample_0.038_0.225,17,1537,0.13528958962952342,60.19,21694,0.038,0.225
Sample_0.038_0.225,18,1585,0.13658131597239542,61.47,22534,0.038,0.225
Sample_0.038_0.225,19,1635,0.1370792190195289,62.88,23415,0.038,0.225
Sample_0.038_0.225,20,1688,0.13567867078331752,64.64,24354,0.038,0.225
Sample_0.038_0.225,21,1744,0.13641110702112047,66.31,25351,0.038,0.225
Sample_0.038_0.225,22,1803,0.13538479991705188,68.06,26409,0.038,0.225
Sample_0.038_0.225,23,1865,0.1360771146360542,69.9,27528,0.038,0.225
Sample_0.038_0.225,24,1930,0.13539450187214874,71.98,28709,0.038,0.225
Sample_0.038_0.225,25,1999,0.13577629079110864,73.86,29970,0.038,0.225
Sample_0.038_0.225,26,2072,0.13702993621919068,76.0,31313,0.038,0.225
Sample_0.038_0.225,27,2149,0.1362881754403018,78.46,32740,0.038,0.225
Sample_0.038_0.225,28,2231,0.13543325226530567,80.8,34270,0.038,0.225
Sample_0.038_0.225,29,2318,0.13447748337226106,83.25,35904,0.038,0.225
Sample_0.038_0.225,30,2410,0.13388366678074082,86.02,37645,0.038,0.225
Sample_0.038_0.225,31,2508,0.13222820683903103,88.72,39512,0.038,0.225
Sample_0.038_0.225,32,2612,0.1313213613320079,91.58,41509,0.038,0.225
Sample_0.038_0.225,33,2722,0.13121867894868888,94.41,43638,0.038,0.225
Sample_0.038_0.225,34,2839,0.13058711018414026,97.46,45920,0.038,0.225
Sample_0.038_0.225,35,2963,0.13083024036652935,100.6,48358,0.038,0.225
Sample_0.038_0.225,36,3095,0.1295651162825029,103.83,50975,0.038,0.225
Sample_0.038_0.225,37,3235,0.12973000258042267,107.38,53773,0.038,0.225
Sample_0.038_0.225,38,3385,0.12951521875426297,110.63,56795,0.038,0.225
Sample_0.038_0.225,39,3544,0.12892285291361616,114.35,60027,0.038,0.225
Sample_0.038_0.225,40,3713,0.12883245686153466,118.26,63493,0.038,0.225
Sample_0.038_0.225,41,3894,0.12856871478049525,122.37,67236,0.038,0.225
Sample_0.038_0.225,42,4087,0.1278600365180531,126.7,71264,0.038,0.225
Sample_0.038_0.225,43,4293,0.1267154889629052,131.01,75602,0.038,0.225
Sample_0.038_0.225,44,4512,0.1264544306950124,135.63,80258,0.038,0.225
Sample_0.038_0.225,45,4746,0.12548552576296212,140.32,85279,0.038,0.225
Sample_0.038_0.225,46,4996,0.12513552660630367,145.04,90694,0.038,0.225
Sample_0.038_0.225,47,5263,0.12490017141701837,149.84,96534,0.038,0.225
Sample_0.038_0.225,48,5548,0.12406565306688311,155.0,102830,0.038,0.225
Sample_0.038_0.225,49,5853,0.12317860702465677,160.29,109633,0.038,0.225
Sample_0.038_0.225,50,6179,0.12304379197193449,165.52,116979,0.038,0.225
Sample_0.05_0.075,1,1000,0.03788122610922606,51.0,12682,0.05,0.075
Sample_0.05_0.075,2,1027,0.057453691456045286,52.78,13123,0.05,0.075
Sample_0.05_0.075,3,1055,0.07057919785918854,54.82,13583,0.05,0.075
Sample_0.05_0.075,4,1085,0.0773572211015876,57.13,14078,0.05,0.075
Sample_0.05_0.075,5,1117,0.08540275324383462,59.62,14607,0.05,0.075
Sample_0.05_0.075,6,1152,0.09166742690159513,61.78,15188,0.05,0.075
Sample_0.05_0.075,7,1189,0.09723575243273541,64.08,15806,0.05,0.075
Sample_0.05_0.075,8,1228,0.10072508294961868,66.88,16461,0.05,0.075
Sample_0.05_0.075,9,1270,0.10331883414555554,69.67,17170,0.05,0.075
Sample_0.05_0.075,10,1315,0.1056932912199724,72.41,17933,0.05,0.075
Sample_0.05_0.075,11,1363,0.11072814789675234,75.61,18753,0.05,0.075
Sample_0.05_0.075,12,1414,0.11299804601632868,78.83,19631,0.05,0.075
Sample_0.05_0.075,13,1469,0.11504152189361139,82.45,20582,0.05,0.075
Sample_0.05_0.075,14,1528,0.11466353195872658,85.74,21610,0.05,0.075
Sample_0.05_0.075,15,1591,0.1155001578847239,89.32,22716,0.05,0.075
Sample_0.05_0.075,16,1658,0.11561422570283209,92.87,23902,0.05,0.075
Sample_0.05_0.075,17,1730,0.11612944925691893,96.99,25186,0.05,0.075
Sample_0.05_0.075,18,1807,0.11612836482170308,101.11,26571,0.05,0.075
Sample_0.05_0.075,19,1889,0.117182031010856,105.33,28058,0.05,0.075
Sample_0.05_0.075,20,1977,0.11828373642168732,109.7,29668,0.05,0.075
Sample_0.05_0.075,21,2072,0.11889941588427066,114.35,31420,0.05,0.075
Sample_0.05_0.075,22,2173,0.1184125896647168,118.85,33301,0.05,0.075
Sample_0.05_0.075,23,2282,0.11917429091654919,123.83,35349,0.05,0.075
Sample_0.05_0.075,24,2399,0.1181968064037009,128.98,37569,0.05,0.075
Sample_0.05_0.075,25,2524,0.11901573252802922,134.58,39964,0.05,0.075
Sample_0.05_0.075,26,2658,0.11848692898216484,139.93,42558,0.05,0.075
Sample_0.05_0.075,27,2802,0.11794230551761209,145.58,45373,0.05,0.075
Sample_0.05_0.075,28,2957,0.11886397699518025,151.05,48434,0.05,0.075
Sample_0.05_0.075,29,3123,0.11869169136650237,157.34,51748,0.05,0.075
Sample_0.05_0.075,30,3302,0.11850685206150025,163.62,55359,0.05,0.075
Sample_0.05_0.075,31,3495,0.11848314679997984,170.03,59295,0.05,0.075
Sample_0.05_0.075,32,3702,0.11890820203865804,176.44,63564,0.05,0.075
Sample_0.05_0.075,33,3925,0.11913257014318157,183.07,68215,0.05,0.075
Sample_0.05_0.075,34,4165,0.11868263595761563,189.78,73278,0.05,0.075
Sample_0.05_0.075,35,4423,0.11909358818960514,197.32,78784,0.05,0.075
Sample_0.05_0.075,36,4701,0.11953871802422378,205.0,84787,0.05,0.075
Sample_0.05_0.075,37,5001,0.1188402018685597,212.32,91342,0.05,0.075
Sample_0.05_0.075,38,5324,0.1190326362628491,220.37,98485,0.05,0.075
Sample_0.05_0.075,39,5672,0.11960709076115794,228.63,106275,0.05,0.075
Sample_0.05_0.075,40,6047,0.11994793783713664,236.96,114774,0.05,0.075
Sample_0.05_0.075,41,6451,0.1196580176307458,245.7,124044,0.05,0.075
Sample_0.05_0.075,42,6887,0.12010245273531583,254.39,134175,0.05,0.075
Sample_0.05_0.075,43,7357,0.119615870588202,263.71,145236,0.05,0.075
Sample_0.05_0.075,44,7864,0.1205030375634717,273.31,157320,0.05,0.075
Sample_0.05_0.075,45,8410,0.12028511889192384,283.05,170504,0.05,0.075
Sample_0.05_0.075,46,8999,0.12035204902465257,293.19,184912,0.05,0.075
Sample_0.05_0.075,47,9634,0.12040154870606701,303.82,200650,0.05,0.075
Sample_0.05_0.075,48,10319,0.12107513688045657,314.08,217853,0.05,0.075
Sample_0.05_0.075,49,11057,0.12152703967809497,325.2,236635,0.05,0.075
Sample_0.05_0.075,50,11852,0.12230393291515629,336.08,257140,0.05,0.075
Sample_0.05_0.112,1,1000,0.038989091806228116,50.67,12682,0.05,0.112
Sample_0.05_0.112,2,1026,0.05663258964717488,52.07,13108,0.05,0.112
Sample_0.05_0.112,3,1054,0.06889220587725564,53.45,13568,0.05,0.112
Sample_0.05_0.112,4,1083,0.07858220433885954,55.23,14048,0.05,0.112
Sample_0.05_0.112,5,1114,0.08956940461971041,57.01,14562,0.05,0.112
Sample_0.05_0.112,6,1147,0.0982928146352946,59.02,15112,0.05,0.112
Sample_0.05_0.112,7,1182,0.10233555488082846,61.32,15699,0.05,0.112
Sample_0.05_0.112,8,1219,0.10570927797376717,63.87,16322,0.05,0.112
Sample_0.05_0.112,9,1259,0.10787644380073669,66.08,16999,0.05,0.112
Sample_0.05_0.112,10,1302,0.11037937309751089,68.38,17730,0.05,0.112
Sample_0.05_0.112,11,1347,0.11406816765735495,70.83,18500,0.05,0.112
Sample_0.05_0.112,12,1395,0.11626665450134999,73.49,19327,0.05,0.112
Sample_0.05_0.112,13,1446,0.11717335563899178,76.12,20212,0.05,0.112
Sample_0.05_0.112,14,1501,0.11666499482805048,79.12,21172,0.05,0.112
Sample_0.05_0.112,15,1559,0.11850367145735996,82.37,22192,0.05,0.112
Sample_0.05_0.112,16,1621,0.11970353624433572,85.3,23290,0.05,0.112
Sample_0.05_0.112,17,1687,0.1203320692712726,88.55,24468,0.05,0.112
Sample_0.05_0.112,18,1758,0.1206976195760956,91.79,25744,0.05,0.112
Sample_0.05_0.112,19,1833,0.12107519217365281,95.33,27104,0.05,0.112
Sample_0.05_0.112,20,1913,0.12246539565841852,99.06,28566,0.05,0.112
Sample_0.05_0.112,21,1999,0.12193381514887935,102.88,30150,0.05,0.112
Sample_0.05_0.112,22,2091,0.12285747625542509,106.85,31860,0.05,0.112
Sample_0.05_0.112,23,2189,0.12255240905951736,110.94,33698,0.05,0.112
Sample_0.05_0.112,24,2294,0.12223087524989595,115.34,35684,0.05,0.112
Sample_0.05_0.112,25,2406,0.12078194858262603,119.66,37823,0.05,0.112
Sample_0.05_0.112,26,2526,0.11974253115196332,124.45,40136,0.05,0.112
Sample_0.05_0.112,27,2655,0.12028257331754433,128.84,42646,0.05,0.112
Sample_0.05_0.112,28,2793,0.12015038301754855,133.67,45358,0.05,0.112
Sample_0.05_0.112,29,2941,0.1213743200838926,139.07,48295,0.05,0.112
Sample_0.05_0.112,30,3100,0.12129687993642757,144.81,51483,0.05,0.112
Sample_0.05_0.112,31,3270,0.12161331793236863,150.65,54927,0.05,0.112
Sample_0.05_0.112,32,3453,0.12191302175304997,156.35,58673,0.05,0.112
Sample_0.05_0.112,33,3649,0.12115213320650087,162.41,62728,0.05,0.112
Sample_0.05_0.112,34,3860,0.12165485957492339,168.69,67141,0.05,0.112
Sample_0.05_0.112,35,4087,0.12174739914184363,174.83,71942,0.05,0.112
Sample_0.05_0.112,36,4331,0.1219970344641288,181.43,77159,0.05,0.112
Sample_0.05_0.112,37,4593,0.12208348520991397,188.51,82826,0.05,0.112
Sample_0.05_0.112,38,4875,0.1213324396244504,195.62,88995,0.05,0.112
Sample_0.05_0.112,39,5178,0.121014122720285,202.67,95702,0.05,0.112
Sample_0.05_0.112,40,5504,0.12083672758149788,210.46,103003,0.05,0.112
Sample_0.05_0.112,41,5855,0.12125136221823962,218.09,110959,0.05,0.112
Sample_0.05_0.112,42,6233,0.12190313697297306,225.82,119630,0.05,0.112
Sample_0.05_0.112,43,6640,0.1217917733705538,233.76,129081,0.05,0.112
Sample_0.05_0.112,44,7078,0.12158833439873296,242.42,139377,0.05,0.112
Sample_0.05_0.112,45,7550,0.1211511780592065,250.96,150612,0.05,0.112
Sample_0.05_0.112,46,8058,0.12178578093571635,259.8,162856,0.05,0.112
Sample_0.05_0.112,47,8605,0.12201142569636092,269.12,176208,0.05,0.112
Sample_0.05_0.112,48,9194,0.12234430617594527,278.43,190770,0.05,0.112
Sample_0.05_0.112,49,9827,0.1228553861390651,288.09,206623,0.05,0.112
Sample_0.05_0.112,50,10509,0.12318121112172498,298.08,223926,0.05,0.112
Sample_0.05_0.15,1,1000,0.03625611359216219,50.18,12682,0.05,0.15
Sample_0.05_0.15,2,1026,0.05623858645111923,50.96,13108,0.05,0.15
Sample_0.05_0.15,3,1053,0.0703361311500399,52.16,13554,0.05,0.15
Sample_0.05_0.15,4,1082,0.08494501801136667,53.47,14033,0.05,0.15
Sample_0.05_0.15,5,1112,0.09320059687798854,54.83,14532,0.05,0.15
Sample_0.05_0.15,6,1144,0.09949226716631943,56.12,15067,0.05,0.15
Sample_0.05_0.15,7,1177,0.10299563882905627,57.8,15622,0.05,0.15
Sample_0.05_0.15,8,1212,0.10788403471306962,59.57,16214,0.05,0.15
Sample_0.05_0.15,9,1249,0.1108430337912445,61.05,16844,0.05,0.15
Sample_0.05_0.15,10,1288,0.11377135934117422,62.95,17511,0.05,0.15
Sample_0.05_0.15,11,1330,0.1166811592075534,64.66,18232,0.05,0.15
Sample_0.05_0.15,12,1374,0.11923061523650014,66.78,18993,0.05,0.15
Sample_0.05_0.15,13,1421,0.12027461262299188,69.1,19811,0.05,0.15
Sample_0.05_0.15,14,1471,0.12193417612851531,71.25,20686,0.05,0.15
Sample_0.05_0.15,15,1524,0.12295463149685282,73.81,21620,0.05,0.15
Sample_0.05_0.15,16,1580,0.12467264967273683,76.38,22614,0.05,0.15
Sample_0.05_0.15,17,1640,0.1253172782331229,79.21,23685,0.05,0.15
Sample_0.05_0.15,18,1703,0.12494984716916191,82.17,24820,0.05,0.15
Sample_0.05_0.15,19,1771,0.12339437284619015,85.57,26052,0.05,0.15
Sample_0.05_0.15,20,1843,0.1232641566929058,88.7,27367,0.05,0.15
Sample_0.05_0.15,21,1920,0.12333220538161749,91.91,28784,0.05,0.15
Sample_0.05_0.15,22,2002,0.12274535397385877,95.42,30306,0.05,0.15
Sample_0.05_0.15,23,2090,0.12216197384345828,99.12,31951,0.05,0.15
Sample_0.05_0.15,24,2184,0.12069259634111518,102.8,33724,0.05,0.15
Sample_0.05_0.15,25,2284,0.12243014990782797,106.53,35626,0.05,0.15
Sample_0.05_0.15,26,2391,0.12282526754607304,110.48,37679,0.05,0.15
Sample_0.05_0.15,27,2505,0.1223427184611332,114.62,39887,0.05,0.15
Sample_0.05_0.15,28,2627,0.12161782004296717,118.87,42272,0.05,0.15
Sample_0.05_0.15,29,2757,0.12280301090981971,123.22,44837,0.05,0.15
Sample_0.05_0.15,30,2896,0.12141904721134145,127.96,47606,0.05,0.15
Sample_0.05_0.15,31,3045,0.12032439531499084,132.85,50603,0.05,0.15
Sample_0.05_0.15,32,3205,0.1193657591371522,137.78,53853,0.05,0.15
Sample_0.05_0.15,33,3376,0.11985152115592324,142.94,57362,0.05,0.15
Sample_0.05_0.15,34,3559,0.11996533042390589,148.54,61156,0.05,0.15
Sample_0.05_0.15,35,3756,0.1206889079899438,153.99,65283,0.05,0.15
Sample_0.05_0.15,36,3967,0.12090065286233975,159.32,69750,0.05,0.15
Sample_0.05_0.15,37,4193,0.12010952530292496,165.09,74586,0.05,0.15
Sample_0.05_0.15,38,4436,0.118840351906917,171.03,79843,0.05,0.15
Sample_0.05_0.15,39,4696,0.11999363559654808,177.22,85531,0.05,0.15
Sample_0.05_0.15,40,4975,0.1196566105920287,183.71,91703,0.05,0.15
Sample_0.05_0.15,41,5275,0.11909365062227617,190.12,98415,0.05,0.15
Sample_0.05_0.15,42,5597,0.11824569918124306,196.89,105703,0.05,0.15
Sample_0.05_0.15,43,5943,0.11855734392333028,203.86,113625,0.05,0.15
Sample_0.05_0.15,44,6315,0.11858686833077825,211.11,122243,0.05,0.15
Sample_0.05_0.15,45,6714,0.11854815874112368,218.76,131598,0.05,0.15
Sample_0.05_0.15,46,7143,0.11883700005801634,226.15,141777,0.05,0.15
Sample_0.05_0.15,47,7604,0.1189750951162607,234.1,152848,0.05,0.15
Sample_0.05_0.15,48,8100,0.11843836797801144,242.17,164906,0.05,0.15
Sample_0.05_0.15,49,8633,0.11919787193493447,250.55,178025,0.05,0.15
Sample_0.05_0.15,50,9205,0.11971906481444572,259.04,192281,0.05,0.15
Sample_0.05_0.188,1,1000,0.03577435458718048,49.56,12682,0.05,0.188
Sample_0.05_0.188,2,1026,0.05441261921969964,50.04,13108,0.05,0.188
Sample_0.05_0.188,3,1053,0.06974398187011599,50.48,13554,0.05,0.188
Sample_0.05_0.188,4,1081,0.07999581691634394,50.97,14018,0.05,0.188
Sample_0.05_0.188,5,1110,0.08485603909333728,51.85,14502,0.05,0.188
Sample_0.05_0.188,6,1140,0.09483087038054094,52.69,15006,0.05,0.188
Sample_0.05_0.188,7,1171,0.09994025386855099,53.81,15531,0.05,0.188
Sample_0.05_0.188,8,1204,0.10633843218363404,55.01,16091,0.05,0.188
Sample_0.05_0.188,9,1238,0.10950785001225638,56.01,16673,0.05,0.188
Sample_0.05_0.188,10,1274,0.11190228491734344,57.38,17292,0.05,0.188
Sample_0.05_0.188,11,1312,0.11475471919982949,58.84,17949,0.05,0.188
Sample_0.05_0.188,12,1352,0.11725616700411035,60.56,18644,0.05,0.188
Sample_0.05_0.188,13,1394,0.11876648705615112,62.49,19379,0.05,0.188
Sample_0.05_0.188,14,1439,0.12188138967359263,64.27,20169,0.05,0.188
Sample_0.05_0.188,15,1486,0.12266074229924628,66.17,21001,0.05,0.188
Sample_0.05_0.188,16,1536,0.12455158287495416,67.93,21891,0.05,0.188
Sample_0.05_0.188,17,1589,0.12613369790861118,70.03,22840,0.05,0.188
Sample_0.05_0.188,18,1645,0.12741902638134905,72.58,23850,0.05,0.188
Sample_0.05_0.188,19,1705,0.1283788144478002,74.63,24939,0.05,0.188
Sample_0.05_0.188,20,1768,0.12890264612949776,76.89,26090,0.05,0.188
Sample_0.05_0.188,21,1835,0.13044149125467897,79.37,27324,0.05,0.188
Sample_0.05_0.188,22,1906,0.1288465033722508,81.97,28640,0.05,0.188
Sample_0.05_0.188,23,1981,0.12884131785030695,84.97,30042,0.05,0.188
Sample_0.05_0.188,24,2061,0.1290762052571619,87.9,31549,0.05,0.188
Sample_0.05_0.188,25,2146,0.1297834071871209,91.01,33162,0.05,0.188
Sample_0.05_0.188,26,2237,0.12974458925070298,94.16,34902,0.05,0.188
Sample_0.05_0.188,27,2334,0.13037128977632428,97.32,36772,0.05,0.188
Sample_0.05_0.188,28,2437,0.130395305475979,100.74,38775,0.05,0.188
Sample_0.05_0.188,29,2547,0.12941796032189834,104.21,40932,0.05,0.188
Sample_0.05_0.188,30,2664,0.12844318441295366,107.97,43247,0.05,0.188
Sample_0.05_0.188,31,2789,0.12852318399492724,111.81,45742,0.05,0.188
Sample_0.05_0.188,32,2922,0.12709268062517864,116.0,48422,0.05,0.188
Sample_0.05_0.188,33,3064,0.1276469513372982,119.85,51309,0.05,0.188
Sample_0.05_0.188,34,3216,0.1276007892295523,124.22,54429,0.05,0.188
Sample_0.05_0.188,35,3378,0.12643865938167598,128.78,57786,0.05,0.188
Sample_0.05_0.188,36,3551,0.1265897734208461,133.27,61406,0.05,0.188
Sample_0.05_0.188,37,3736,0.1258069193250997,137.91,65316,0.05,0.188
Sample_0.05_0.188,38,3934,0.12584598749714315,142.93,69543,0.05,0.188
Sample_0.05_0.188,39,4146,0.12579308806682699,148.03,74115,0.05,0.188
Sample_0.05_0.188,40,4373,0.12557350606073103,153.48,79062,0.05,0.188
Sample_0.05_0.188,41,4616,0.12635295250142686,158.91,84413,0.05,0.188
Sample_0.05_0.188,42,4876,0.12563551369379078,164.78,90201,0.05,0.188
Sample_0.05_0.188,43,5155,0.1250421325878981,170.73,96478,0.05,0.188
Sample_0.05_0.188,44,5454,0.12469261946380628,176.6,103280,0.05,0.188
Sample_0.05_0.188,45,5775,0.12373074236841108,183.0,110663,0.05,0.188
Sample_0.05_0.188,46,6119,0.12265155094555347,189.47,118665,0.05,0.188
Sample_0.05_0.188,47,6488,0.12260360396650061,195.93,127347,0.05,0.188
Sample_0.05_0.188,48,6883,0.12216244324410774,202.91,136749,0.05,0.188
Sample_0.05_0.188,49,7307,0.121821284627595,210.19,146959,0.05,0.188
Sample_0.05_0.188,50,7762,0.12245471016063059,217.48,158044,0.05,0.188
Sample_0.05_0.225,1,1000,0.034942485509571686,49.46,12682,0.05,0.225
Sample_0.05_0.225,2,1026,0.05398298167969062,49.35,13108,0.05,0.225
Sample_0.05_0.225,3,1052,0.06804863212192425,49.51,13539,0.05,0.225
Sample_0.05_0.225,4,1079,0.07725065606689019,50.06,13988,0.05,0.225
Sample_0.05_0.225,5,1107,0.08571021274785218,50.44,14457,0.05,0.225
Sample_0.05_0.225,6,1136,0.09402616752659276,50.83,14946,0.05,0.225
Sample_0.05_0.225,7,1166,0.10080202746249678,51.3,15455,0.05,0.225
Sample_0.05_0.225,8,1197,0.10849677681118686,51.91,15984,0.05,0.225
Sample_0.05_0.225,9,1229,0.1110281284306609,52.91,16534,0.05,0.225
Sample_0.05_0.225,10,1263,0.11497577731215003,53.67,17120,0.05,0.225
Sample_0.05_0.225,11,1298,0.12179789933372343,54.44,17729,0.05,0.225
Sample_0.05_0.225,12,1335,0.12570430638518193,55.33,18375,0.05,0.225
Sample_0.05_0.225,13,1373,0.12691985830160335,56.54,19043,0.05,0.225
Sample_0.05_0.225,14,1413,0.13016606103994466,57.67,19751,0.05,0.225
Sample_0.05_0.225,15,1455,0.13082341406330245,58.99,20498,0.05,0.225
Sample_0.05_0.225,16,1499,0.13285460191898202,60.34,21286,0.05,0.225
Sample_0.05_0.225,17,1546,0.13413026614087942,61.64,22131,0.05,0.225
Sample_0.05_0.225,18,1595,0.1343780389559246,63.17,23018,0.05,0.225
Sample_0.05_0.225,19,1647,0.13616488680739125,64.54,23965,0.05,0.225
Sample_0.05_0.225,20,1701,0.1389026683858834,66.2,24957,0.05,0.225
Sample_0.05_0.225,21,1758,0.1376558761335014,68.13,26009,0.05,0.225
Sample_0.05_0.225,22,1818,0.13715049002419089,70.24,27125,0.05,0.225
Sample_0.05_0.225,23,1882,0.13765435343112387,72.4,28322,0.05,0.225
Sample_0.05_0.225,24,1950,0.13807929511206307,74.47,29603,0.05,0.225
Sample_0.05_0.225,25,2022,0.1377566468486966,76.76,30968,0.05,0.225
Sample_0.05_0.225,26,2098,0.13723497688967656,79.11,32420,0.05,0.225
Sample_0.05_0.225,27,2179,0.13569891227041841,81.68,33978,0.05,0.225
Sample_0.05_0.225,28,2264,0.13422751506720676,84.3,35627,0.05,0.225
Sample_0.05_0.225,29,2355,0.1334501389282441,87.21,37404,0.05,0.225
Sample_0.05_0.225,30,2451,0.13208484166196843,90.06,39295,0.05,0.225
Sample_0.05_0.225,31,2553,0.13147746666605786,93.08,41320,0.05,0.225
Sample_0.05_0.225,32,2662,0.12953714806023497,96.39,43501,0.05,0.225
Sample_0.05_0.225,33,2778,0.1305870265098379,99.69,45841,0.05,0.225
Sample_0.05_0.225,34,2902,0.1291809606858123,103.31,48363,0.05,0.225
Sample_0.05_0.225,35,3034,0.12764668961911285,107.05,51072,0.05,0.225
Sample_0.05_0.225,36,3174,0.12760451500704084,110.69,53971,0.05,0.225
Sample_0.05_0.225,37,3324,0.1269577146466252,114.54,57104,0.05,0.225
Sample_0.05_0.225,38,3484,0.12552658038486908,118.69,60476,0.05,0.225
Sample_0.05_0.225,39,3654,0.12542055462324453,122.92,64094,0.05,0.225
Sample_0.05_0.225,40,3836,0.1256201750206165,127.46,68003,0.05,0.225
Sample_0.05_0.225,41,4030,0.12524655064735546,132.01,72211,0.05,0.225
Sample_0.05_0.225,42,4238,0.12421621387231419,136.76,76767,0.05,0.225
Sample_0.05_0.225,43,4460,0.12496377021877136,141.58,81677,0.05,0.225
Sample_0.05_0.225,44,4697,0.12465410960265655,146.51,86974,0.05,0.225
Sample_0.05_0.225,45,4951,0.12375705090588074,151.81,92708,0.05,0.225
Sample_0.05_0.225,46,5222,0.12320355243152625,157.2,98890,0.05,0.225
Sample_0.05_0.225,47,5512,0.12186749991241341,162.6,105576,0.05,0.225
Sample_0.05_0.225,48,5823,0.12187472023451118,168.1,112823,0.05,0.225
Sample_0.05_0.225,49,6155,0.12130774593273186,173.88,120644,0.05,0.225
Sample_0.05_0.225,50,6510,0.12120465683829784,180.09,129100,0.05,0.225
Sample_0.062_0.075,1,1000,0.04100704088981355,50.94,12682,0.062,0.075
Sample_0.062_0.075,2,1027,0.05966136881289841,52.62,13134,0.062,0.075
Sample_0.062_0.075,3,1055,0.07370284457431775,54.64,13606,0.062,0.075
Sample_0.062_0.075,4,1085,0.08254478499778317,56.81,14113,0.062,0.075
Sample_0.062_0.075,5,1117,0.08887126645983146,59.06,14657,0.062,0.075
Sample_0.062_0.075,6,1151,0.09274040748307844,61.79,15237,0.062,0.075
Sample_0.062_0.075,7,1188,0.09859821394720725,64.38,15870,0.062,0.075
Sample_0.062_0.075,8,1227,0.10309708052773203,67.18,16542,0.062,0.075
Sample_0.062_0.075,9,1269,0.10492807206273258,70.29,17269,0.062,0.075
Sample_0.062_0.075,10,1314,0.10742581988345501,73.38,18052,0.062,0.075
Sample_0.062_0.075,11,1362,0.10710357129958004,76.74,18894,0.062,0.075
Sample_0.062_0.075,12,1414,0.11030832680557667,80.02,19810,0.062,0.075
Sample_0.062_0.075,13,1469,0.11348642831205069,83.57,20788,0.062,0.075
Sample_0.062_0.075,14,1528,0.11489759149796352,87.23,21844,0.062,0.075
Sample_0.062_0.075,15,1591,0.11694324502206177,91.04,22980,0.062,0.075
Sample_0.062_0.075,16,1659,0.11560938031793744,95.12,24216,0.062,0.075
Sample_0.062_0.075,17,1732,0.11547244735030304,99.51,25553,0.062,0.075
Sample_0.062_0.075,18,1810,0.11503041749693765,103.93,26995,0.062,0.075
Sample_0.062_0.075,19,1894,0.11453204740114398,108.57,28561,0.062,0.075
Sample_0.062_0.075,20,1984,0.11479640217557452,113.26,30254,0.062,0.075
Sample_0.062_0.075,21,2081,0.11560484005337135,118.04,32096,0.062,0.075
Sample_0.062_0.075,22,2185,0.11613289343095445,122.61,34090,0.062,0.075
Sample_0.062_0.075,23,2296,0.11644606901985233,128.0,36240,0.062,0.075
Sample_0.062_0.075,24,2415,0.11761926563914527,133.47,38569,0.062,0.075
Sample_0.062_0.075,25,2543,0.11716776599958911,139.03,41100,0.062,0.075
Sample_0.062_0.075,26,2681,0.11611935452033517,144.97,43857,0.062,0.075
Sample_0.062_0.075,27,2829,0.11473787496962728,151.11,46847,0.062,0.075
Sample_0.062_0.075,28,2989,0.11529831185346051,157.25,50114,0.062,0.075
Sample_0.062_0.075,29,3161,0.11651001190060661,163.28,53665,0.062,0.075
Sample_0.062_0.075,30,3346,0.11733380832463758,170.14,57529,0.062,0.075
Sample_0.062_0.075,31,3545,0.11844345284917024,177.38,61735,0.062,0.075
Sample_0.062_0.075,32,3759,0.11914299024999808,184.33,66311,0.062,0.075
Sample_0.062_0.075,33,3990,0.11861736513966581,191.47,71310,0.062,0.075
Sample_0.062_0.075,34,4239,0.11852570311283572,198.66,76765,0.062,0.075
Sample_0.062_0.075,35,4507,0.11874623886161673,207.07,82709,0.062,0.075
Sample_0.062_0.075,36,4796,0.12028079442895168,215.09,89199,0.062,0.075
Sample_0.062_0.075,37,5108,0.1207324628430877,222.89,96295,0.062,0.075
Sample_0.062_0.075,38,5444,0.12156267898553663,231.57,104036,0.062,0.075
Sample_0.062_0.075,39,5807,0.12250593340320526,240.23,112507,0.062,0.075
Sample_0.062_0.075,40,6199,0.12244327126361298,249.2,121775,0.062,0.075
Sample_0.062_0.075,41,6622,0.12192458384381832,258.3,131910,0.062,0.075
Sample_0.062_0.075,42,7078,0.12236931864102996,267.81,142983,0.062,0.075
Sample_0.062_0.075,43,7570,0.12213847354792295,277.22,155093,0.062,0.075
Sample_0.062_0.075,44,8101,0.12181471857742454,287.39,168342,0.062,0.075
Sample_0.062_0.075,45,8674,0.12177916300415426,298.03,182836,0.062,0.075
Sample_0.062_0.075,46,9293,0.12139009294755643,308.85,198711,0.062,0.075
Sample_0.062_0.075,47,9961,0.12151908566223324,319.64,216083,0.062,0.075
Sample_0.062_0.075,48,10681,0.12139699678383531,331.34,235072,0.062,0.075
Sample_0.062_0.075,49,11458,0.12128199152773034,343.14,255856,0.062,0.075
Sample_0.062_0.075,50,12296,0.12143149542122922,355.25,278592,0.062,0.075
Sample_0.062_0.112,1,1000,0.03650612184848301,50.73,12682,0.062,0.112
Sample_0.062_0.112,2,1026,0.05662103701040966,52.03,13119,0.062,0.112
Sample_0.062_0.112,3,1054,0.06981470675476653,53.44,13591,0.062,0.112
Sample_0.062_0.112,4,1083,0.08136307615593186,55.13,14083,0.062,0.112
Sample_0.062_0.112,5,1114,0.08873783719082784,57.14,14611,0.062,0.112
Sample_0.062_0.112,6,1147,0.09459322716776475,59.15,15176,0.062,0.112
Sample_0.062_0.112,7,1182,0.09928848554794256,61.47,15778,0.062,0.112
Sample_0.062_0.112,8,1220,0.10427570137360997,63.75,16433,0.062,0.112
Sample_0.062_0.112,9,1260,0.10747966259184683,66.27,17128,0.062,0.112
Sample_0.062_0.112,10,1303,0.1107279818235265,68.88,17879,0.062,0.112
Sample_0.062_0.112,11,1349,0.1133173413303048,71.6,18687,0.062,0.112
Sample_0.062_0.112,12,1398,0.11324789475640862,74.39,19553,0.062,0.112
Sample_0.062_0.112,13,1450,0.11503736488942629,77.37,20479,0.062,0.112
Sample_0.062_0.112,14,1505,0.1150845577316979,80.55,21466,0.062,0.112
Sample_0.062_0.112,15,1564,0.11608409048880719,83.7,22532,0.062,0.112
Sample_0.062_0.112,16,1627,0.11818220340355734,86.85,23679,0.062,0.112
Sample_0.062_0.112,17,1694,0.11782403723752455,90.12,24909,0.062,0.112
Sample_0.062_0.112,18,1766,0.11784691469696873,93.83,26242,0.062,0.112
Sample_0.062_0.112,19,1843,0.11924635748213452,97.53,27678,0.062,0.112
Sample_0.062_0.112,20,1925,0.11907753158831413,101.37,29222,0.062,0.112
Sample_0.062_0.112,21,2013,0.12041069592584308,105.27,30893,0.062,0.112
Sample_0.062_0.112,22,2107,0.12164812898455635,109.73,32694,0.062,0.112
Sample_0.062_0.112,23,2208,0.12158902289540463,114.3,34647,0.062,0.112
Sample_0.062_0.112,24,2316,0.12186248880243222,119.11,36757,0.062,0.112
Sample_0.062_0.112,25,2432,0.12244246698633243,124.28,39044,0.062,0.112
Sample_0.062_0.112,26,2556,0.12204129064057567,129.34,41514,0.062,0.112
Sample_0.062_0.112,27,2689,0.12128865759847285,134.41,44191,0.062,0.112
Sample_0.062_0.112,28,2832,0.12068973984516629,139.96,47098,0.062,0.112
Sample_0.062_0.112,29,2985,0.11978899969113965,145.4,50244,0.062,0.112
Sample_0.062_0.112,30,3150,0.11949076199296216,151.25,53671,0.062,0.112
Sample_0.062_0.112,31,3327,0.11893676524326913,157.34,57389,0.062,0.112
Sample_0.062_0.112,32,3517,0.11866013305056389,163.76,61426,0.062,0.112
Sample_0.062_0.112,33,3722,0.11891780865600521,170.16,65830,0.062,0.112
Sample_0.062_0.112,34,3942,0.1181302458097937,176.75,70613,0.062,0.112
Sample_0.062_0.112,35,4179,0.11780901987834635,183.34,75826,0.062,0.112
Sample_0.062_0.112,36,4434,0.11739587192815759,190.58,81502,0.062,0.112
Sample_0.062_0.112,37,4708,0.11811209687859914,197.88,87675,0.062,0.112
Sample_0.062_0.112,38,5003,0.11828562179222013,205.34,94404,0.062,0.112
Sample_0.062_0.112,39,5321,0.11878801628821378,213.39,101748,0.062,0.112
Sample_0.062_0.112,40,5664,0.11848159769149813,221.54,109769,0.062,0.112
Sample_0.062_0.112,41,6033,0.11886213631095943,229.75,118510,0.062,0.112
Sample_0.062_0.112,42,6431,0.11956255590939557,237.83,128058,0.062,0.112
Sample_0.062_0.112,43,6859,0.11966118351917276,246.55,138462,0.062,0.112
Sample_0.062_0.112,44,7321,0.11941348906034088,255.5,149840,0.062,0.112
Sample_0.062_0.112,45,7819,0.11970890593379457,265.05,162268,0.062,0.112
Sample_0.062_0.112,46,8356,0.11991817768602187,274.85,175849,0.062,0.112
Sample_0.062_0.112,47,8934,0.12015132323695665,284.87,190667,0.062,0.112
Sample_0.062_0.112,48,9557,0.120100786695994,294.92,206856,0.062,0.112
Sample_0.062_0.112,49,10229,0.12051732318886832,305.16,224558,0.062,0.112
Sample_0.062_0.112,50,10952,0.12038551052295565,315.96,243870,0.062,0.112
Sample_0.062_0.15,1,1000,0.036189901791544354,50.13,12682,0.062,0.15
Sample_0.062_0.15,2,1026,0.05676654882576582,51.14,13119,0.062,0.15
Sample_0.062_0.15,3,1053,0.07001925838295442,52.32,13576,0.062,0.15
Sample_0.062_0.15,4,1082,0.08102670585123817,53.44,14068,0.062,0.15
Sample_0.062_0.15,5,1112,0.09059542497215833,54.58,14581,0.062,0.15
Sample_0.062_0.15,6,1144,0.09886951951340617,56.08,15130,0.062,0.15
Sample_0.062_0.15,7,1177,0.10590845404462579,57.74,15701,0.062,0.15
Sample_0.062_0.15,8,1212,0.10908404730766597,59.26,16309,0.062,0.15
Sample_0.062_0.15,9,1249,0.11183302369025427,61.16,16956,0.062,0.15
Sample_0.062_0.15,10,1288,0.11462706801784939,63.26,17642,0.062,0.15
Sample_0.062_0.15,11,1330,0.11996184626077167,65.08,18384,0.062,0.15
Sample_0.062_0.15,12,1374,0.1220107831078805,67.5,19167,0.062,0.15
Sample_0.062_0.15,13,1421,0.12569071531928144,69.58,20008,0.062,0.15
Sample_0.062_0.15,14,1471,0.126535884571652,72.17,20909,0.062,0.15
Sample_0.062_0.15,15,1524,0.12777697127943144,74.87,21871,0.062,0.15
Sample_0.062_0.15,16,1581,0.131256657927445,77.73,22911,0.062,0.15
Sample_0.062_0.15,17,1641,0.13197423735103242,80.45,24015,0.062,0.15
Sample_0.062_0.15,18,1705,0.13260197787531736,83.5,25202,0.062,0.15
Sample_0.062_0.15,19,1774,0.13191999390427434,86.71,26490,0.062,0.15
Sample_0.062_0.15,20,1847,0.13021401863961013,90.09,27864,0.062,0.15
Sample_0.062_0.15,21,1925,0.12861183502737328,93.62,29345,0.062,0.15
Sample_0.062_0.15,22,2008,0.1294168496155248,97.31,30934,0.062,0.15
Sample_0.062_0.15,23,2097,0.12819642605579462,100.86,32652,0.062,0.15
Sample_0.062_0.15,24,2192,0.12673500235120594,104.58,34503,0.062,0.15
Sample_0.062_0.15,25,2293,0.12600783833949714,108.64,36489,0.062,0.15
Sample_0.062_0.15,26,2401,0.12558433749381348,112.83,38632,0.062,0.15
Sample_0.062_0.15,27,2517,0.12391364263596882,117.15,40956,0.062,0.15
Sample_0.062_0.15,28,2641,0.12371926506337227,121.27,43464,0.062,0.15
Sample_0.062_0.15,29,2774,0.12375760201169528,126.06,46181,0.062,0.15
Sample_0.062_0.15,30,2916,0.12354631889632617,131.15,49112,0.062,0.15
Sample_0.062_0.15,31,3068,0.12371354770132337,136.13,52282,0.062,0.15
Sample_0.062_0.15,32,3231,0.12329188599236707,141.07,55718,0.062,0.15
Sample_0.062_0.15,33,3406,0.12348710625810622,146.28,59445,0.062,0.15
Sample_0.062_0.15,34,3593,0.12363892321016934,152.17,63472,0.062,0.15
Sample_0.062_0.15,35,3794,0.12370078034679932,157.99,67849,0.062,0.15
Sample_0.062_0.15,36,4010,0.12372478422131561,164.16,72605,0.062,0.15
Sample_0.062_0.15,37,4242,0.12327212188545578,170.45,77772,0.062,0.15
Sample_0.062_0.15,38,4491,0.1214375842049027,176.83,83382,0.062,0.15
Sample_0.062_0.15,39,4759,0.12097043422003573,183.82,89491,0.062,0.15
Sample_0.062_0.15,40,5047,0.12019489693580554,190.81,96134,0.062,0.15
Sample_0.062_0.15,41,5357,0.12023749586004429,198.06,103371,0.062,0.15
Sample_0.062_0.15,42,5690,0.12059535945942046,205.4,111241,0.062,0.15
Sample_0.062_0.15,43,6048,0.11993957068251593,212.99,119808,0.062,0.15
Sample_0.062_0.15,44,6433,0.12018482431126887,220.94,129136,0.062,0.15
Sample_0.062_0.15,45,6848,0.1201156669343979,228.75,139318,0.062,0.15
Sample_0.062_0.15,46,7294,0.11975090632290009,236.91,150402,0.062,0.15
Sample_0.062_0.15,47,7774,0.12015168006954968,245.18,162485,0.062,0.15
Sample_0.062_0.15,48,8290,0.11996883520268109,253.53,175645,0.062,0.15
Sample_0.062_0.15,49,8845,0.1200375862533345,262.46,189987,0.062,0.15
Sample_0.062_0.15,50,9442,0.12043061153635204,271.66,205619,0.062,0.15
Sample_0.062_0.188,1,1000,0.03527856341680513,49.57,12682,0.062,0.188
Sample_0.062_0.188,2,1026,0.054192241244927164,49.92,13119,0.062,0.188
Sample_0.062_0.188,3,1053,0.0688492826788234,50.61,13576,0.062,0.188
Sample_0.062_0.188,4,1081,0.0792499251531098,51.44,14053,0.062,0.188
Sample_0.062_0.188,5,1110,0.09027188140451425,52.09,14551,0.062,0.188
Sample_0.062_0.188,6,1140,0.09635383263832153,53.02,15069,0.062,0.188
Sample_0.062_0.188,7,1172,0.10231773175290715,54.1,15624,0.062,0.188
Sample_0.062_0.188,8,1205,0.10617866431389489,55.45,16201,0.062,0.188
Sample_0.062_0.188,9,1240,0.10986935742662096,56.96,16816,0.062,0.188
Sample_0.062_0.188,10,1277,0.11422513052128025,58.34,17469,0.062,0.188
Sample_0.062_0.188,11,1316,0.11683959733644089,60.04,18162,0.062,0.188
Sample_0.062_0.188,12,1357,0.11864676997210566,61.56,18895,0.062,0.188
Sample_0.062_0.188,13,1400,0.1209767715194714,63.44,19669,0.062,0.188
Sample_0.062_0.188,14,1446,0.12479112876003295,64.97,20501,0.062,0.188
Sample_0.062_0.188,15,1494,0.12492345417856732,67.06,21376,0.062,0.188
Sample_0.062_0.188,16,1545,0.12573798844658834,69.2,22312,0.062,0.188
Sample_0.062_0.188,17,1599,0.12559487586666696,71.36,23310,0.062,0.188
Sample_0.062_0.188,18,1656,0.12550710718160718,73.52,24371,0.062,0.188
Sample_0.062_0.188,19,1717,0.12633924028936572,76.2,25513,0.062,0.188
Sample_0.062_0.188,20,1782,0.12727985024907817,78.9,26740,0.062,0.188
Sample_0.062_0.188,21,1851,0.12635764050315612,81.73,28051,0.062,0.188
Sample_0.062_0.188,22,1924,0.12561249050475132,84.72,29450,0.062,0.188
Sample_0.062_0.188,23,2002,0.12498740679948517,87.78,30957,0.062,0.188
Sample_0.062_0.188,24,2085,0.12382801881848504,91.19,32573,0.062,0.188
Sample_0.062_0.188,25,2173,0.12494145347591634,94.52,34301,0.062,0.188
Sample_0.062_0.188,26,2267,0.12448566699930108,98.02,36163,0.062,0.188
Sample_0.062_0.188,27,2368,0.12442020613708116,101.54,38180,0.062,0.188
Sample_0.062_0.188,28,2475,0.12159175128869926,105.48,40338,0.062,0.188
Sample_0.062_0.188,29,2590,0.1219350011075866,109.25,42676,0.062,0.188
Sample_0.062_0.188,30,2712,0.121372912840094,113.37,45182,0.062,0.188
Sample_0.062_0.188,31,2843,0.12132383918387113,117.62,47898,0.062,0.188
Sample_0.062_0.188,32,2983,0.1206631806881191,122.14,50828,0.062,0.188
Sample_0.062_0.188,33,3133,0.12062626073427962,126.46,53999,0.062,0.188
Sample_0.062_0.188,34,3293,0.11986505722209628,131.34,57417,0.062,0.188
Sample_0.062_0.188,35,3464,0.12082656724170349,135.71,61108,0.062,0.188
Sample_0.062_0.188,36,3647,0.12025884921185725,140.77,65099,0.062,0.188
Sample_0.062_0.188,37,3843,0.12016394263053098,145.99,69420,0.062,0.188
Sample_0.062_0.188,38,4053,0.11997447756863044,151.82,74100,0.062,0.188
Sample_0.062_0.188,39,4278,0.12079855102236725,157.65,79170,0.062,0.188
Sample_0.062_0.188,40,4520,0.12191643394104501,163.42,84683,0.062,0.188
Sample_0.062_0.188,41,4779,0.12144411416416956,169.83,90652,0.062,0.188
Sample_0.062_0.188,42,5057,0.12081055976032973,176.15,97132,0.062,0.188
Sample_0.062_0.188,43,5356,0.12074689045244846,182.92,104183,0.062,0.188
Sample_0.062_0.188,44,5677,0.12017775796245789,189.5,111843,0.062,0.188
Sample_0.062_0.188,45,6021,0.12039251597620493,196.23,120151,0.062,0.188
Sample_0.062_0.188,46,6390,0.12063585883120131,203.18,129172,0.062,0.188
Sample_0.062_0.188,47,6787,0.12178370665622018,210.66,138995,0.062,0.188
Sample_0.062_0.188,48,7213,0.12121532026420101,218.02,149669,0.062,0.188
Sample_0.062_0.188,49,7671,0.12176272090718188,226.04,161287,0.062,0.188
Sample_0.062_0.188,50,8163,0.12173055779459352,234.48,173927,0.062,0.188
Sample_0.062_0.225,1,1000,0.03341958054516825,49.35,12682,0.062,0.225
Sample_0.062_0.225,2,1026,0.052070902981966594,48.84,13119,0.062,0.225
Sample_0.062_0.225,3,1052,0.06310872310232041,48.87,13562,0.062,0.225
Sample_0.062_0.225,4,1079,0.07416042682359913,49.17,14024,0.062,0.225
Sample_0.062_0.225,5,1107,0.08477332654976433,49.58,14506,0.062,0.225
Sample_0.062_0.225,6,1136,0.09471779856790219,50.0,15009,0.062,0.225
Sample_0.062_0.225,7,1166,0.10123620872412897,50.51,15532,0.062,0.225
Sample_0.062_0.225,8,1197,0.10959057840016517,51.19,16078,0.062,0.225
Sample_0.062_0.225,9,1229,0.11308619305561063,51.81,16644,0.062,0.225
Sample_0.062_0.225,10,1262,0.11883120300066641,52.76,17233,0.062,0.225
Sample_0.062_0.225,11,1297,0.12271179352395434,53.74,17861,0.062,0.225
Sample_0.062_0.225,12,1333,0.124586491044552,55.08,18511,0.062,0.225
Sample_0.062_0.225,13,1371,0.1289929169595223,56.4,19201,0.062,0.225
Sample_0.062_0.225,14,1411,0.13114866791263347,57.99,19931,0.062,0.225
Sample_0.062_0.225,15,1453,0.13466334241668276,59.58,20703,0.062,0.225
Sample_0.062_0.225,16,1498,0.13479892075088595,60.97,21533,0.062,0.225
Sample_0.062_0.225,17,1545,0.1338691861780963,62.46,22407,0.062,0.225
Sample_0.062_0.225,18,1594,0.13647250358901863,64.38,23324,0.062,0.225
Sample_0.062_0.225,19,1646,0.13577766974536631,66.17,24304,0.062,0.225
Sample_0.062_0.225,20,1701,0.13617959445952454,68.2,25347,0.062,0.225
Sample_0.062_0.225,21,1760,0.13533965518620517,70.43,26471,0.062,0.225
Sample_0.062_0.225,22,1822,0.13564730089625754,72.58,27662,0.062,0.225
Sample_0.062_0.225,23,1888,0.13502690985542487,74.92,28938,0.062,0.225
Sample_0.062_0.225,24,1958,0.13533132436049833,77.23,30302,0.062,0.225
Sample_0.062_0.225,25,2032,0.13418266507248022,79.76,31755,0.062,0.225
Sample_0.062_0.225,26,2111,0.13277873502702198,82.58,33317,0.062,0.225
Sample_0.062_0.225,27,2195,0.13247958055875841,85.4,34991,0.062,0.225
Sample_0.062_0.225,28,2284,0.1322099918617201,88.38,36779,0.062,0.225
Sample_0.062_0.225,29,2379,0.1314399964465327,91.41,38703,0.062,0.225
Sample_0.062_0.225,30,2480,0.13021453069402522,94.81,40766,0.062,0.225
Sample_0.062_0.225,31,2587,0.12876550567913347,98.32,42972,0.062,0.225
Sample_0.062_0.225,32,2701,0.1297232583572696,101.67,45343,0.062,0.225
Sample_0.062_0.225,33,2823,0.12938197216448466,105.33,47902,0.062,0.225
Sample_0.062_0.225,34,2953,0.12862803370502163,109.09,50654,0.062,0.225
Sample_0.062_0.225,35,3092,0.128091608387795,112.9,53624,0.062,0.225
Sample_0.062_0.225,36,3240,0.1272158485225363,117.01,56817,0.062,0.225
Sample_0.062_0.225,37,3398,0.12579274715428612,121.4,60259,0.062,0.225
Sample_0.062_0.225,38,3567,0.12522681091395071,126.06,63977,0.062,0.225
Sample_0.062_0.225,39,3747,0.12574892440803032,130.89,67978,0.062,0.225
Sample_0.062_0.225,40,3940,0.12495670365836009,135.87,72312,0.062,0.225
Sample_0.062_0.225,41,4147,0.125835623859345,140.61,77008,0.062,0.225
Sample_0.062_0.225,42,4368,0.12427313581830535,145.55,82075,0.062,0.225
Sample_0.062_0.225,43,4604,0.12476971799525827,150.77,87546,0.062,0.225
Sample_0.062_0.225,44,4857,0.12469915403052467,156.38,93475,0.062,0.225
Sample_0.062_0.225,45,5128,0.12489243877262624,162.09,99896,0.062,0.225
Sample_0.062_0.225,46,5418,0.12490571717702248,168.28,106845,0.062,0.225
Sample_0.062_0.225,47,5729,0.12435222266059731,174.46,114383,0.062,0.225
Sample_0.062_0.225,48,6062,0.1244494620388239,180.53,122548,0.062,0.225
Sample_0.062_0.225,49,6419,0.1246981564637124,187.33,131404,0.062,0.225
Sample_0.062_0.225,50,6802,0.12413298174632881,194.15,141017,0.062,0.225
Sample_0.075_0.075,1,1000,0.03973652954711682,51.26,12682,0.075,0.075
Sample_0.075_0.075,2,1027,0.05715357307020685,53.13,13146,0.075,0.075
Sample_0.075_0.075,3,1055,0.07302554422797636,55.21,13631,0.075,0.075
Sample_0.075_0.075,4,1085,0.08137752991881331,57.61,14152,0.075,0.075
Sample_0.075_0.075,5,1118,0.08947255662228026,60.07,14725,0.075,0.075
Sample_0.075_0.075,6,1153,0.09379931175403056,62.53,15337,0.075,0.075
Sample_0.075_0.075,7,1190,0.09703877992166987,65.35,15987,0.075,0.075
Sample_0.075_0.075,8,1230,0.10055615849334698,68.27,16693,0.075,0.075
Sample_0.075_0.075,9,1273,0.10516505631233808,71.28,17457,0.075,0.075
Sample_0.075_0.075,10,1319,0.10747142318592617,74.5,18279,0.075,0.075
Sample_0.075_0.075,11,1368,0.10801812549241596,78.03,19160,0.075,0.075
Sample_0.075_0.075,12,1421,0.11038089968713471,81.43,20120,0.075,0.075
Sample_0.075_0.075,13,1477,0.10955923302543757,85.16,21143,0.075,0.075
Sample_0.075_0.075,14,1537,0.11032280973531305,88.98,22247,0.075,0.075
Sample_0.075_0.075,15,1602,0.11019513285791871,93.0,23452,0.075,0.075
Sample_0.075_0.075,16,1671,0.10944877875381609,97.07,24744,0.075,0.075
Sample_0.075_0.075,17,1745,0.11117477799325282,101.81,26141,0.075,0.075
Sample_0.075_0.075,18,1825,0.11058550997349537,106.32,27663,0.075,0.075
Sample_0.075_0.075,19,1911,0.11129771920990583,111.25,29316,0.075,0.075
Sample_0.075_0.075,20,2003,0.11246457785564634,116.02,31101,0.075,0.075
Sample_0.075_0.075,21,2102,0.11097646620437085,120.96,33042,0.075,0.075
Sample_0.075_0.075,22,2208,0.11231740254617528,126.45,35141,0.075,0.075
Sample_0.075_0.075,23,2322,0.11299145120842735,132.33,37423,0.075,0.075
Sample_0.075_0.075,24,2445,0.11233628787414252,138.01,39910,0.075,0.075
Sample_0.075_0.075,25,2577,0.11295894196272194,144.22,42610,0.075,0.075
Sample_0.075_0.075,26,2719,0.11297117439923254,150.15,45547,0.075,0.075
Sample_0.075_0.075,27,2872,0.11323420221206937,156.25,48748,0.075,0.075
Sample_0.075_0.075,28,3037,0.11326756169619068,162.81,52240,0.075,0.075
Sample_0.075_0.075,29,3214,0.11367067678972775,169.9,56033,0.075,0.075
Sample_0.075_0.075,30,3405,0.113906560528513,176.99,60175,0.075,0.075
Sample_0.075_0.075,31,3611,0.11454825256974499,184.1,64697,0.075,0.075
Sample_0.075_0.075,32,3833,0.1148356621524389,191.97,69632,0.075,0.075
Sample_0.075_0.075,33,4073,0.1161120023129909,200.16,75035,0.075,0.075
Sample_0.075_0.075,34,4332,0.11604037889864416,208.14,80942,0.075,0.075
Sample_0.075_0.075,35,4611,0.11601467680653754,216.65,87390,0.075,0.075
Sample_0.075_0.075,36,4913,0.11614408312480262,224.96,94461,0.075,0.075
Sample_0.075_0.075,37,5239,0.11724979145758319,233.64,102198,0.075,0.075
Sample_0.075_0.075,38,5591,0.11807348373795978,242.33,110667,0.075,0.075
Sample_0.075_0.075,39,5971,0.11918438901128758,252.28,119937,0.075,0.075
Sample_0.075_0.075,40,6381,0.11919983197315309,262.2,130079,0.075,0.075
Sample_0.075_0.075,41,6825,0.11889203254838199,272.37,141217,0.075,0.075
Sample_0.075_0.075,42,7305,0.11948971514282292,282.46,153430,0.075,0.075
Sample_0.075_0.075,43,7823,0.11922806107444361,293.22,166801,0.075,0.075
Sample_0.075_0.075,44,8383,0.12018154335189957,304.6,181466,0.075,0.075
Sample_0.075_0.075,45,8988,0.12079235223296791,315.45,197543,0.075,0.075
Sample_0.075_0.075,46,9642,0.12087368743194715,326.71,215179,0.075,0.075
Sample_0.075_0.075,47,10348,0.12095572172802127,338.67,234501,0.075,0.075
Sample_0.075_0.075,48,11110,0.12150671151131176,350.99,255670,0.075,0.075
Sample_0.075_0.075,49,11933,0.12206052601286443,363.66,278878,0.075,0.075
Sample_0.075_0.075,50,12821,0.12238473824846374,376.78,304300,0.075,0.075
Sample_0.075_0.112,1,1000,0.037384180825386304,50.5,12682,0.075,0.112
Sample_0.075_0.112,2,1026,0.0587319553575667,51.93,13131,0.075,0.112
Sample_0.075_0.112,3,1054,0.07147340390394596,53.18,13616,0.075,0.112
Sample_0.075_0.112,4,1083,0.08152691938182755,54.95,14122,0.075,0.112
Sample_0.075_0.112,5,1114,0.09049791598512891,56.67,14665,0.075,0.112
Sample_0.075_0.112,6,1147,0.09752695191165461,58.77,15245,0.075,0.112
Sample_0.075_0.112,7,1182,0.10337092465707176,61.14,15864,0.075,0.112
Sample_0.075_0.112,8,1219,0.10757533515692264,63.51,16522,0.075,0.112
Sample_0.075_0.112,9,1259,0.11003316865157275,66.08,17236,0.075,0.112
Sample_0.075_0.112,10,1302,0.11257497443067854,68.8,18008,0.075,0.112
Sample_0.075_0.112,11,1347,0.11431843471369585,71.65,18822,0.075,0.112
Sample_0.075_0.112,12,1396,0.115496694086483,74.46,19713,0.075,0.112
Sample_0.075_0.112,13,1448,0.1156554703854884,77.72,20666,0.075,0.112
Sample_0.075_0.112,14,1503,0.1155213260505028,81.0,21682,0.075,0.112
Sample_0.075_0.112,15,1562,0.11686065256199019,84.37,22780,0.075,0.112
Sample_0.075_0.112,16,1625,0.11676926076307148,87.72,23962,0.075,0.112
Sample_0.075_0.112,17,1693,0.11796158024868308,91.55,25247,0.075,0.112
Sample_0.075_0.112,18,1765,0.11822938513334935,95.29,26620,0.075,0.112
Sample_0.075_0.112,19,1843,0.11854127956300853,99.18,28119,0.075,0.112
Sample_0.075_0.112,20,1926,0.11784246444398572,103.34,29730,0.075,0.112
Sample_0.075_0.112,21,2015,0.1183903443923704,107.78,31474,0.075,0.112
Sample_0.075_0.112,22,2110,0.11881538139368186,112.26,33353,0.075,0.112
Sample_0.075_0.112,23,2212,0.11808343208868832,116.68,35391,0.075,0.112
Sample_0.075_0.112,24,2321,0.11779447218737071,121.84,37592,0.075,0.112
Sample_0.075_0.112,25,2438,0.1180279930041297,127.03,39978,0.075,0.112
Sample_0.075_0.112,26,2564,0.11791341424820656,132.24,42574,0.075,0.112
Sample_0.075_0.112,27,2699,0.11788149661666414,137.78,45387,0.075,0.112
Sample_0.075_0.112,28,2844,0.11774971154710001,143.47,48441,0.075,0.112
Sample_0.075_0.112,29,3000,0.11743895674187543,149.75,51764,0.075,0.112
Sample_0.075_0.112,30,3168,0.11786211112908629,155.82,55384,0.075,0.112
Sample_0.075_0.112,31,3349,0.11752142110868347,162.43,59329,0.075,0.112
Sample_0.075_0.112,32,3543,0.11675190181892647,169.3,63609,0.075,0.112
Sample_0.075_0.112,33,3752,0.1168616829828315,175.66,68276,0.075,0.112
Sample_0.075_0.112,34,3977,0.11721871601447531,182.68,73362,0.075,0.112
Sample_0.075_0.112,35,4219,0.11679024534009375,190.15,78902,0.075,0.112
Sample_0.075_0.112,36,4480,0.11706785087186544,197.88,84952,0.075,0.112
Sample_0.075_0.112,37,4762,0.11720034848424121,205.95,91572,0.075,0.112
Sample_0.075_0.112,38,5066,0.11797958025113209,214.34,98803,0.075,0.112
Sample_0.075_0.112,39,5394,0.11852715838599304,222.9,106708,0.075,0.112
Sample_0.075_0.112,40,5748,0.11832683158623136,231.61,115353,0.075,0.112
Sample_0.075_0.112,41,6130,0.11820357848301066,240.3,124809,0.075,0.112
Sample_0.075_0.112,42,6542,0.1182873711926502,249.62,135149,0.075,0.112
Sample_0.075_0.112,43,6986,0.11938906802932236,259.37,146447,0.075,0.112
Sample_0.075_0.112,44,7466,0.12023230182489875,269.16,158832,0.075,0.112
Sample_0.075_0.112,45,7984,0.12037857050051581,279.16,172386,0.075,0.112
Sample_0.075_0.112,46,8543,0.12058600520387652,289.62,187223,0.075,0.112
Sample_0.075_0.112,47,9146,0.12117662315056732,299.94,203459,0.075,0.112
Sample_0.075_0.112,48,9796,0.12157793883840284,310.4,221215,0.075,0.112
Sample_0.075_0.112,49,10497,0.12123424444800435,321.86,240645,0.075,0.112
Sample_0.075_0.112,50,11253,0.1213355719433078,333.35,261909,0.075,0.112
Sample_0.075_0.15,1,1000,0.036782637400952334,50.09,12682,0.075,0.15
Sample_0.075_0.15,2,1026,0.055558640635769097,50.88,13131,0.075,0.15
Sample_0.075_0.15,3,1053,0.07050317863996725,51.77,13601,0.075,0.15
Sample_0.075_0.15,4,1081,0.08241853210491978,53.03,14092,0.075,0.15
Sample_0.075_0.15,5,1111,0.09065941154583346,54.46,14619,0.075,0.15
Sample_0.075_0.15,6,1143,0.09633408333979987,55.88,15184,0.075,0.15
Sample_0.075_0.15,7,1176,0.10283225333834944,57.54,15771,0.075,0.15
Sample_0.075_0.15,8,1211,0.10883038000361167,59.18,16397,0.075,0.15
Sample_0.075_0.15,9,1248,0.11262603826386552,61.06,17063,0.075,0.15
Sample_0.075_0.15,10,1287,0.11605518558186412,63.11,17769,0.075,0.15
Sample_0.075_0.15,11,1329,0.11592301396684701,65.48,18533,0.075,0.15
Sample_0.075_0.15,12,1374,0.11850971871535299,67.54,19356,0.075,0.15
Sample_0.075_0.15,13,1421,0.11884476339737682,69.98,20224,0.075,0.15
Sample_0.075_0.15,14,1471,0.11973470704190792,72.3,21152,0.075,0.15
Sample_0.075_0.15,15,1524,0.11950062351453927,75.04,22144,0.075,0.15
Sample_0.075_0.15,16,1581,0.12217088265034892,78.17,23217,0.075,0.15
Sample_0.075_0.15,17,1642,0.12415282831377827,81.41,24374,0.075,0.15
Sample_0.075_0.15,18,1707,0.12518628778219143,84.52,25617,0.075,0.15
Sample_0.075_0.15,19,1776,0.12470134853275394,87.77,26947,0.075,0.15
Sample_0.075_0.15,20,1850,0.1243612316817595,91.32,28385,0.075,0.15
Sample_0.075_0.15,21,1929,0.12505417686273557,95.05,29934,0.075,0.15
Sample_0.075_0.15,22,2013,0.12411742710025808,98.86,31596,0.075,0.15
Sample_0.075_0.15,23,2103,0.12375224078623992,102.98,33393,0.075,0.15
Sample_0.075_0.15,24,2200,0.12316012681312571,107.32,35347,0.075,0.15
Sample_0.075_0.15,25,2303,0.12266353029552213,111.65,37443,0.075,0.15
Sample_0.075_0.15,26,2414,0.1234219638437466,116.64,39723,0.075,0.15
Sample_0.075_0.15,27,2533,0.12264760190199286,121.54,42192,0.075,0.15
Sample_0.075_0.15,28,2661,0.12109395942637469,126.44,44874,0.075,0.15
Sample_0.075_0.15,29,2798,0.12128820536741602,131.47,47776,0.075,0.15
Sample_0.075_0.15,30,2945,0.12112493214866671,136.99,50924,0.075,0.15
Sample_0.075_0.15,31,3102,0.11940459077695986,142.3,54325,0.075,0.15
Sample_0.075_0.15,32,3271,0.11878396776384736,148.12,58026,0.075,0.15
Sample_0.075_0.15,33,3452,0.11947935884366623,154.17,62036,0.075,0.15
Sample_0.075_0.15,34,3647,0.11882911219790127,160.55,66406,0.075,0.15
Sample_0.075_0.15,35,3857,0.11854646588309548,167.2,71168,0.075,0.15
Sample_0.075_0.15,36,4083,0.11855621806184624,173.59,76354,0.075,0.15
Sample_0.075_0.15,37,4326,0.11828241400193362,180.14,81999,0.075,0.15
Sample_0.075_0.15,38,4587,0.11837035520067829,187.35,88138,0.075,0.15
Sample_0.075_0.15,39,4868,0.11860547129642818,194.45,94831,0.075,0.15
Sample_0.075_0.15,40,5170,0.11949171849153206,201.98,102117,0.075,0.15
Sample_0.075_0.15,41,5495,0.11892132874925032,209.72,110060,0.075,0.15
Sample_0.075_0.15,42,5845,0.11931721007344898,218.0,118727,0.075,0.15
Sample_0.075_0.15,43,6222,0.11948717699193367,226.12,128185,0.075,0.15
Sample_0.075_0.15,44,6628,0.11936697700695098,234.57,138508,0.075,0.15
Sample_0.075_0.15,45,7066,0.11944343581783112,243.72,149796,0.075,0.15
Sample_0.075_0.15,46,7538,0.11936662763871886,252.47,162126,0.075,0.15
Sample_0.075_0.15,47,8046,0.11936184565239882,262.14,175581,0.075,0.15
Sample_0.075_0.15,48,8594,0.11894961285068484,272.0,190298,0.075,0.15
Sample_0.075_0.15,49,9185,0.11937472798332571,282.21,206392,0.075,0.15
Sample_0.075_0.15,50,9822,0.11917215974115236,292.29,223986,0.075,0.15
Sample_0.075_0.188,1,1000,0.03506472257393467,49.54,12682,0.075,0.188
Sample_0.075_0.188,2,1026,0.055239407997637935,49.9,13131,0.075,0.188
Sample_0.075_0.188,3,1053,0.06863336860276847,50.3,13601,0.075,0.188
Sample_0.075_0.188,4,1081,0.0794774717282205,51.19,14092,0.075,0.188
Sample_0.075_0.188,5,1110,0.08629699974536664,52.27,14604,0.075,0.188
Sample_0.075_0.188,6,1140,0.09279476539933218,53.05,15138,0.075,0.188
Sample_0.075_0.188,7,1172,0.09936784369732043,54.31,15709,0.075,0.188
Sample_0.075_0.188,8,1205,0.10540794707153545,55.5,16304,0.075,0.188
Sample_0.075_0.188,9,1240,0.10923521772668532,56.98,16937,0.075,0.188
Sample_0.075_0.188,10,1277,0.11311371684680949,58.23,17611,0.075,0.188
Sample_0.075_0.188,11,1316,0.11567273149539115,59.85,18325,0.075,0.188
Sample_0.075_0.188,12,1357,0.11897938721059087,61.51,19081,0.075,0.188
Sample_0.075_0.188,13,1400,0.12319398721615715,63.48,19880,0.075,0.188
Sample_0.075_0.188,14,1446,0.12452794834245284,65.5,20739,0.075,0.188
Sample_0.075_0.188,15,1494,0.12792500660173234,67.78,21643,0.075,0.188
Sample_0.075_0.188,16,1545,0.12813640856599617,69.99,22610,0.075,0.188
Sample_0.075_0.188,17,1599,0.12919049155820228,72.52,23641,0.075,0.188
Sample_0.075_0.188,18,1657,0.12910582816342298,75.3,24756,0.075,0.188
Sample_0.075_0.188,19,1719,0.12973696145482516,77.82,25955,0.075,0.188
Sample_0.075_0.188,20,1785,0.12822261522600997,80.81,27241,0.075,0.188
Sample_0.075_0.188,21,1855,0.12669045639253818,84.22,28617,0.075,0.188
Sample_0.075_0.188,22,1930,0.12698391859326885,87.31,30103,0.075,0.188
Sample_0.075_0.188,23,2010,0.12615784843827393,90.47,31701,0.075,0.188
Sample_0.075_0.188,24,2095,0.12662601057823353,94.09,33414,0.075,0.188
Sample_0.075_0.188,25,2186,0.126194515585194,97.53,35264,0.075,0.188
Sample_0.075_0.188,26,2283,0.12519407198357957,101.09,37254,0.075,0.188
Sample_0.075_0.188,27,2386,0.12311593028728418,105.09,39388,0.075,0.188
Sample_0.075_0.188,28,2496,0.12349281466644801,109.25,41689,0.075,0.188
Sample_0.075_0.188,29,2614,0.1231509628512899,113.6,44181,0.075,0.188
Sample_0.075_0.188,30,2740,0.12106526322985989,117.82,46870,0.075,0.188
Sample_0.075_0.188,31,2875,0.11972342619237941,122.5,49779,0.075,0.188
Sample_0.075_0.188,32,3020,0.1208293352010168,127.52,52936,0.075,0.188
Sample_0.075_0.188,33,3175,0.120834311385972,132.71,56347,0.075,0.188
Sample_0.075_0.188,34,3341,0.12057757821485016,137.81,60040,0.075,0.188
Sample_0.075_0.188,35,3519,0.11969567383701762,142.99,64044,0.075,0.188
Sample_0.075_0.188,36,3710,0.11965965100429776,148.68,68389,0.075,0.188
Sample_0.075_0.188,37,3915,0.11928363120278318,154.49,73105,0.075,0.188
Sample_0.075_0.188,38,4135,0.11918946302312139,160.45,78226,0.075,0.188
Sample_0.075_0.188,39,4371,0.11868459989706026,166.66,83785,0.075,0.188
Sample_0.075_0.188,40,4624,0.11889927238411624,172.69,89816,0.075,0.188
Sample_0.075_0.188,41,4896,0.11868211696573061,179.3,96380,0.075,0.188
Sample_0.075_0.188,42,5188,0.11821024223948484,186.09,103513,0.075,0.188
Sample_0.075_0.188,43,5502,0.11707067351557465,193.15,111280,0.075,0.188
Sample_0.075_0.188,44,5839,0.11858669275294376,200.37,119722,0.075,0.188
Sample_0.075_0.188,45,6202,0.1180580957738715,208.03,128932,0.075,0.188
Sample_0.075_0.188,46,6592,0.11738946352858504,215.98,138956,0.075,0.188
Sample_0.075_0.188,47,7012,0.11810000827848866,223.86,149892,0.075,0.188
Sample_0.075_0.188,48,7463,0.11870159290743465,232.61,161793,0.075,0.188
Sample_0.075_0.188,49,7949,0.11881907186870944,241.2,174788,0.075,0.188
Sample_0.075_0.188,50,8472,0.11959233047608797,249.98,188962,0.075,0.188
Sample_0.075_0.225,1,1000,0.03363232558958429,49.28,12682,0.075,0.225
Sample_0.075_0.225,2,1026,0.053420451884428344,48.96,13131,0.075,0.225
Sample_0.075_0.225,3,1052,0.06674422636017185,48.98,13586,0.075,0.225
Sample_0.075_0.225,4,1079,0.07792611776041025,49.35,14062,0.075,0.225
Sample_0.075_0.225,5,1107,0.08776987307308115,49.73,14559,0.075,0.225
Sample_0.075_0.225,6,1136,0.09539078829302694,50.29,15077,0.075,0.225
Sample_0.075_0.225,7,1166,0.10029480568137483,51.08,15617,0.075,0.225
Sample_0.075_0.225,8,1197,0.10662592162978779,51.72,16179,0.075,0.225
Sample_0.075_0.225,9,1229,0.11375740342739582,52.55,16765,0.075,0.225
Sample_0.075_0.225,10,1263,0.11665875552104388,53.67,17389,0.075,0.225
Sample_0.075_0.225,11,1298,0.11970621223174271,54.88,18037,0.075,0.225
Sample_0.075_0.225,12,1335,0.1228413483082249,55.9,18726,0.075,0.225
Sample_0.075_0.225,13,1374,0.12454174952147601,57.27,19456,0.075,0.225
Sample_0.075_0.225,14,1415,0.126810521405323,58.63,20229,0.075,0.225
Sample_0.075_0.225,15,1458,0.12896996230260926,60.51,21045,0.075,0.225
Sample_0.075_0.225,16,1503,0.12921369694943308,62.35,21905,0.075,0.225
Sample_0.075_0.225,17,1551,0.12858749800268487,64.38,22827,0.075,0.225
Sample_0.075_0.225,18,1602,0.12958507139290076,66.38,23813,0.075,0.225
Sample_0.075_0.225,19,1656,0.13172766264728053,68.64,24864,0.075,0.225
Sample_0.075_0.225,20,1713,0.13119039397927024,70.81,25982,0.075,0.225
Sample_0.075_0.225,21,1774,0.13229295505534666,73.19,27185,0.075,0.225
Sample_0.075_0.225,22,1839,0.13189517572870524,75.61,28476,0.075,0.225
Sample_0.075_0.225,23,1908,0.13187358962043638,77.98,29858,0.075,0.225
Sample_0.075_0.225,24,1981,0.1312452636507495,80.92,31331,0.075,0.225
Sample_0.075_0.225,25,2058,0.13216995149575195,83.72,32900,0.075,0.225
Sample_0.075_0.225,26,2140,0.13188681513590295,86.85,34583,0.075,0.225
Sample_0.075_0.225,27,2228,0.13236502243722215,90.11,36404,0.075,0.225
Sample_0.075_0.225,28,2322,0.132953328550526,93.37,38365,0.075,0.225
Sample_0.075_0.225,29,2422,0.13131840197209055,96.7,40470,0.075,0.225
Sample_0.075_0.225,30,2528,0.13081962194414776,100.03,42724,0.075,0.225
Sample_0.075_0.225,31,2641,0.1298408124826016,103.86,45149,0.075,0.225
Sample_0.075_0.225,32,2762,0.12976587805308437,107.72,47769,0.075,0.225
Sample_0.075_0.225,33,2891,0.12801983537759032,111.98,50590,0.075,0.225
Sample_0.075_0.225,34,3029,0.12825776054902005,116.18,53638,0.075,0.225
Sample_0.075_0.225,35,3176,0.1272140339517649,120.81,56919,0.075,0.225
Sample_0.075_0.225,36,3334,0.12627943690059595,125.36,60480,0.075,0.225
Sample_0.075_0.225,37,3503,0.1253139691651588,130.15,64330,0.075,0.225
Sample_0.075_0.225,38,3684,0.1244483336878559,135.29,68497,0.075,0.225
Sample_0.075_0.225,39,3877,0.1234902395570252,140.18,72991,0.075,0.225
Sample_0.075_0.225,40,4084,0.12251061020416754,145.33,77863,0.075,0.225
Sample_0.075_0.225,41,4306,0.1215380976013043,150.85,83148,0.075,0.225
Sample_0.075_0.225,42,4544,0.12108665023082765,156.78,88879,0.075,0.225
Sample_0.075_0.225,43,4799,0.1200066825704571,162.87,95091,0.075,0.225
Sample_0.075_0.225,44,5072,0.11952980543937541,169.03,101822,0.075,0.225
Sample_0.075_0.225,45,5365,0.1195239355767268,175.73,109132,0.075,0.225
Sample_0.075_0.225,46,5680,0.11961106411908906,181.84,117087,0.075,0.225
Sample_0.075_0.225,47,6018,0.12026686731828229,188.76,125727,0.075,0.225
Sample_0.075_0.225,48,6381,0.11987038185612087,195.78,135123,0.075,0.225
Sample_0.075_0.225,49,6770,0.11904847816937902,202.92,145321,0.075,0.225
Sample_0.075_0.225,50,7188,0.11936066347795582,210.68,156419,0.075,0.225
